name,twitter_handle,twitter_id
UPRAGOFICIAL,UPRAGOFICIAL,2985824679
Pardee RAND,PardeeRAND,2981564518
Rosalind Franklin U,RFUniversity,2980125742
Northeast Catholic,Northeast_CC,2968142896
St.Vincent's College,StVincentsColl,2904230715
Salus University,SalusUniversity,2875290963
Piedmont College,PiedmontGA,2854714032
Notre Dame Seminary,NDS_NOLA,2811981349
UPR Carolina Informa,UPRCA_Informa,2811321748
BSC Wauwatosa,BSCWauwatosa,2805875629
Rush University,RushUniversity,2798137040
Fort Hays State Univ,FortHaysState,2796262618
WeArePanhandle,WeArePanhandle,2774646025
Wentworth Institute,wentworthinst,2746362446
MayoClinicSOM,MayoClinicSOM,2573343979
Morton College,MCadvising,2533062290
Penn State Fayette,psu_fayette,2493269335
Pitt-Greensburg,Pitt_Greensburg,2458389740
Palo Alto University,LifeAtPAU,2446146199
MACU,MAChristianUniv,2433283010
PillarCollege,PillarCollege,2409115814
SanJoseCityCollege,OfficialSJCC,2388010794
Jefferson,JeffersonUniv,2363122872
Texas Gulf Coast CCC,TexasGulfCCCC,2352370724
UPR Humacao,UPRHComunica,2343802782
WhereSuccessStarts,pccc_edu,2340916014
Penn State Mont Alto,montaltopsu,2338423213
Trinity College FL,trincollegefl,2319331332
CCD City Hawks,IAMCCD1,2315645268
HCC Coleman College,HCCColeman,2306788946
Oakwood University,OakwoodU,2282455248
CC of Spokane,CCofSpokane,2273573730
Trinity Lutheran,TLS_Ohio,2273111346
Suffolk Community College,SUNYSFLK,2264470208
University System MD,Univ_System_MD,2250615246
Norwalk Comm College,NewsNCC,2238166291
4CD Live,4CDLive,2232134677
Pentecostal Seminary,PentecostalTS,2232019111
Norco College,NorcoCollege,2180735742
MontserratCollegeArt,MontCollegeArt,2176713109
College of Desert ,CODBoard,2176551643
MPCC.edu,MPCCedu,2176290086
Regis,RegisCollege_MA,2166665227
TCC Chesapeake,TCCChesapeake,2147589120
St. Charles Seminary,StCharlesSem,1964914243
MC Germantown Campus,MC_Germantown,1905409278
Guttman CC|CUNY,guttmancc,1887720595
SoutheasternOklahoma,SE1909,1705814160
FelicianUniversity,FelicianUniv,1702903998
GCSC,GCSC1957,1691221406
North Greenville,ngucrusaders,1673388012
BHCC Boston,BHCCBoston,1668703620
Webber,Webber_edu,1642049281
Southwest Campus,Southwest_JCTC,1633063208
Shelby Co. Campus,ShelbyCo_JCTC,1633055455
Yavapai College,YavapaiCollege,1621341572
Delgado CC West Bank,DelgadoWB,1599161352
OlneyCentralCollege,OlneyCentral,1577780197
Richmond Comm Coll,Richmond_CC,1577681202
Stark State College,TheStarkState,1546393530
PRCC Wildcats,PRCC_Wildcats,1545738194
UNT Dallas,UNTDallas,1527999896
South Georgia State,southGAstate,1525891634
Northern NM College,NorthernNNMC,1516927614
NGS,NGSedu,1514380986
Cerro Coso Com. Col.,cerrocosocoyote,1507403138
PennStateDuBois,PennStateDuBois,1485973315
BlueMountainCollege,tweetbmc,1468001610
WFDDrakeState,WFDDrakeState,1467460231
WETCC,WetccEdu,1465677950
Bay Mills,BayMillsEDU,1465201086
UVI,UVI_edu,1449856494
STLCC-FV,STLCCFV,1418494436
Southern Oregon Univ,SOUAshland,1400213802
Touro California,TouroCalifornia,1392591306
NC CommunityColleges,NCCommColleges,1389506286
SUNY Columbia-Greene,ColGreeneCC,1382131694
Kenrick-Glennon Sem,KenrickGlennon,1380885518
Mendocino College,MendocinoEagles,1378370892
Barclay College,BarclayCollege,1357849111
SVC,SoVtCollege,1305350634
Evangel Undergrad,EUndergrad,1286198347
WSCC,wscctweets,1283344844
SAC,SACChicago,1279348364
CCAC,CCAC,1278525710
Icahn School of Medicine at Mount Sinai,IcahnMountSinai,1268038951
Southern Utah University,SUUtbirds,1244583312
Clarkson Univ. CRC,ClarksonCRC,1225789146
Reinhardt University,Reinhardt_Univ,1202118889
LSC-University Park,LSC_UP,1182904520
St Joseph's Seminary,sjsdunwoodie,1167445470
UofM Duluth,UMNDuluth,1157585167
WGU Tennessee,WGUTennessee,1128823591
WGU Missouri,WGUMissouri,1128757328
SaintPaulSchTheology,spst,1117840490
Presentation College,PresentationPC,1099245420
Beacon College,beacon_college,1096191360
AACC,AnneArundelCC,1080672710
Lamar Comm. College,lamarcomcollege,1074148201
Collin College,collincollege,1073896320
College of Desert,CollegeofDesert,1059199158
Anguilla Com College,acceduai,1034950706
Roxbury CC,SeeRCC,1024323314
Western State Law,WesternStateLaw,1020438301
Our Lady of the Lake,TheLakeHealth,1018119854
SUNY Oneonta,SUNY_Oneonta,1017853820
UWA Online,UWAOnline,1009516734
Penn State Shenango,PSU_Shenango,1001698272
UNC Asheville,UncAvl,981026485
LA Southwest College,LASCCampus,980837186
JFK University,JFKUniversity,979344025
SLCC,southlacc,958535624
Minot State,Minotstateu,950068266
SVD vocations,DWCiowa,939830185
NLU,NationalLouisU,932252245
U of South Alabama,UofSouthAlabama,928718161
Brevard College,BrevardCollege,917013348
Samuel Merritt University,SamuelMerrittU,915705416
NCCC - North Country,NorthCountryCC,914586368
UWyo News,UWyonews,898251204
TiffinU,TiffinU,889129188
FGCU,fgcu,882934718
MidwesternUniversity,MidwesternUniv,874336040
CMCC,CMCCMaine,870258889
Wartburg Seminary,WartburgSem,861817128
HopkinsvilleCC,HopkinsvilleCC,859919623
IYRSedu,IYRSedu,858435229
MiSPP,misppedu,851256421
Muskingum Admission,MuskieAdmission,846464744
FPCC,fpcc_edu,844344828
Pacifica Graduate,PacificaPost,844334160
Memphis Seminary,MemphisSeminary,844152356
Seton Hill U.,setonhill,838524193
Clark Atlanta Univ.,CAU,831686592
MCLA,MCLA_EDU,831441433
Anna Maria College,goannamaria,823603992
Stanly Comm. College,StanlyCC,823405777
Knox College,KnoxCollege1837,822015990
PA College,PAHealthSciEDU,819459042
USW,USW_HobbsNM,805349437
Scripps Research,scrippsresearch,805004869
Mount Ida College,MountIdaCollege,803018196
Roanoke-ChowanCC,RoanokeChowanCC,802605889
Pine Manor College,PineManorMA,779714822
TSU Global Campus,TSUGlobalCampus,772293379
Sofia University USA,SofiauCA,769870039
PSU Schuylkill,PennStateSL,768877926
Pfeiffer University,Pfeiffer1885,763891278
Ellis University,EllisUniv,762586524
University of Nebraska-Lincoln,UNLincoln,762288787
CUAnschutz,CUAnschutz,761688578
Santa Rosa JC,SantaRosaJC,757445947
Nebraska Indian CC,NebraskaIndian,755626171
AZ Christian Univ,ACUphoenix,755618887
MS Univ for Women,MUWedu,747443516
GTCC | Guilford Tech,_gtcc,745903592
Rockingham CC,RockinghamCC,745195560
GardenCityCC,GCCCBroncbuster,743222480
CU Boulder,CUBoulder,741150194
Concordia College,ConcordiaAL,729010430
CCSJ,_CCSJ,729004446
Boricua College,BoricuaCollege1,728980176
UMES,UMESNews,728542214
Central Alabama,CentralAlabama1,718485420
Emmaus Bible College,EmmausBibleCo,716192258
PennStateWS,PennStateWS,716005440
BCCC,bmoreccc,712566325
CrowleysRidgeCollege,CRCPioneers,709856952
UProvidence,uprovidence,705348024
Cascadia College,CascadiaCollege,637305892
BPCC,BPCCCavs,633235896
CCCTigers,_TigerNation,633069280
CCC, NM,ClovisCommunity,625944100
MECC,MECCVa,625885435
Christ King Seminary,cksedu,624817917
Cecil College,CecilCollege,619187551
ICO,ICO_Optometry,614625498
RiverParishesCC,RiverParishesCC,614385712
Moore College of Art,MooreCollegeArt,611814049
FloridaNationalU,FNUniversity,609377406
Grand View Univ.,GrandViewUniv,608523465
Olivet University,OlivetU,607520163
Graduate Center CUNY,GradCenterNews,607354376
Assumption College,AssumptionNews,601302206
Regis University,RegisUniversity,589385569
Ave Maria University,avemariauniv,588585807
Dega Admissions,TalladegaEDU,577425161
Middle Georgia State,MGAstateU,574802098
William Carey Univ.,WmCareyU,574544023
Penn State Behrend,PSBehrend,574444657
UniversityofLaVerne,ULaVerne,572296368
UM School of Nursing,UMichNursing,568463163
SFCC,sfccmo,568370999
LSTC,LSTChicago,567432434
MaineMaritimeAcademy,Maine_Maritime,564641263
Olivet College,olivetcollege,561461954
Copiah-LincolnCC,CopiahLincolnCC,561437166
UDubuque Alumni,UDSpartanNation,556319403
Patten University,PattenU,555535334
Jacksonville U,JacksonvilleU,552864552
EmmanuelNews,EmmanuelNews,550188173
Delaware Cty CommCol,DelawareCCC,549397664
WesternU,WesternUNews,549076236
NE Methodist College,NMComaha,547211982
Concordia Seminary,ConcordiaSem,546225984
Midwestern State,MidwesternState,544478432
Sitting Bull College,SittingBullColl,539091359
AIC,AIConcampus,538320315
PSU Wilkes-Barre,PennStateWB,533515284
BFIT,BFITinvolved,532793260
Rider University,RiderUniversity,530842130
CMN,cmn_live,525651808
VT Corps of Cadets,VTCorpsofCadets,513328122
Armstrong State,Armstrong_U,507565960
Dickinson State Univ,DickinsonU,505961601
Alabama Southern CC,ASCCNews,500145639
St Mary's College MD,StMarysMD,499790607
Faulkner University,FaulknerEdu,495304192
Catholic Theological Union,ChicagoCTU,491378079
NC State University,NCState,487624974
Quincy University,Quincy_U,486942555
clevelandunivkc,clevelandunivkc,486828633
Sullivan University,SullivanU,485354289
SW Christian Univ.,SCUinfo,485052326
NBCC,myNBCC,482026635
Santa Fe University,SantaFeUAD,479778876
SaintJoseph'sCollege,SaintJosephsME,478640951
Trinity Luth College,TrinityLuthColl,476145925
MTSO,MTSOedu,474035536
National Defense U,NDU_EDU,473254411
CCS,CCS_Detroit,472255338
Peninsula College,pencollege,461511821
NationalLaborCollege,NLCLaborCollege,460464769
Neumann University,NeumannUniv,454994057
JohnsonUniv,JohnsonUniv,450732917
SouthCentral College,SCCollege,443968243
Westmoreland,ConnectWCCC,443887614
NECO,NECO424,443164079
PittBradford,PittBradford,442167737
RBHSNews,RBHSNews,441835630
Western Piedmont CC,WPCC_Morganton,441156828
Southern Miss,SouthernMiss,438646808
Edison State College,EdisonState,437899046
NWIC,NWIndianCollege,435260237
National Hispanic U,NHUFamilia,430958049
Wilmington University,theWilmU,430889283
Touro College,WeAreTouro,429389807
Univ. of Findlay,ufindlay,427068749
Salt Lake CC,SaltLakeCC,423662026
William Paterson,wpunj_edu,423564565
NCU,NCUCommunity,419030415
UMRochester,UMRochester,414156458
Albertus Magnus,AlbertusSocial,410118987
MacMurray College,MacMurray1846,410047304
St.Gregory the Great,stgknights,405845655
Metropolitan State U,Choose_Metro,404882980
BMCC,BayMillsCollege,404161745
HarfordCC,HarfordCC,402912572
BrookdaleCC-Neptune,BrookdaleCCNept,402184731
Southern Wesleyan U,SWU_edu,399601583
Ohlone CommEd,OhloneCommEd,397514466
NTCC,NTCCgators,397487225
LSU Law Center,LSULawCenter,397288939
Renton Tech,RentonTech,395379436
UW-Stevens Point,UWStevensPoint,394106281
JTS,JTSVoice,386187600
Peru State College,PeruState,386171810
Manhattan College,ManhattanEdu,385107877
UH Maui College,UHMaui,384546969
WWUtournaments,WWUtournaments,384458031
RCBC,RowanBurlington,384457565
Alamo Colleges District,AlamoColleges1,382882826
GraniteStateCollege,GraniteStateCol,382707440
UMA,UMAugusta,380928805
Southwestern Univ.,SouthwesternU,378838718
Ohio State Marion,OSUMarion,378008168
Calhoun College,CalhounCollege,377433452
Southeast,KctcsSoutheast,377398353
Lawson State CC,LawsonStateCC,376373544
Albany State Univ,AlbanyStateUniv,374160270
Cal State San Marcos,CSUSM,373547790
Portage College,PortageCollege,373449270
York College,YorkCollegeNeb,372937640
Trident University,TridentUniv,372892539
Greenfield Community College,GfldCommCollege,369059523
Cincinnati State,CinState,366778768
PennStateHarrisburg,PSUHarrisburg,366162983
LIU Hudson,LIUHudson,364444534
BCC,BlkftComCollege,362710642
Marymount University,marymountu,361280541
Curry College,CurryEdu,360677057
STCL Houston,STCL_Houston,357680259
St. Louis Comm Coll,STLCC_Archers,357531721
UMPI,UMPIowls,357276755
Brunswick CC,Brunswick_CC,356336604
Davidson College,DavidsonCollege,353477625
BYU-Idaho,byuidaho,353273181
Prairie State College,PrairieStateCol,351701158
Western Iowa Tech,WesternIowaTech,351666315
Hunter College,Hunter_College,350880390
ShippensburgU,shippensburgU,349196114
U of Cincinnati,uofcincy,347974719
Pierce College,PierceCollegeCA,347530427
The Official HCCSW,HCC_Southwest,347384571
Morningside College,MorningsideEdu,346122231
Johnson C. Smith U.,JCSUniversity,345530223
CLTCC,goCLTCC,343816157
Governors State,Governors_State,343577210
William Peace Univ.,WPeaceU,343508479
Earlham College,earlham1847,342914880
Klamath CC,KlamathCC,342179948
SMSU Today,SMSUToday,340384825
Princeton Seminary,ptseminary,339739698
Virginia Union,VAUnion1865,339059582
UC San Diego,UCSanDiego,338660808
MCCN,mccnedu,337160928
Northwestern State,nsula,335921177
Santa Fe University,SantaFeU,334984895
Crown College,CrownCollege,334933532
Reconstructing Judaism,ReconJudaism,331150162
TTIC,TTIC_Connect,331003232
Grambling State Univ,Grambling1901,330606813
USC Beaufort,UofSCBeaufort,330489468
MT University System,MtUniversitySys,329799992
StThomasAquinasColl,STAC_edu,328035693
Sul Ross State,Sul_Ross,322256425
La Politécnica,pupr_edu,319902630
MilesCollege,MilesCollege,318652229
SWTJC,SWTJC,318626141
University of Montana,umontana,318609255
ResU,Resuniversity,318569173
Webb Institute,WebbInstitute,317930624
NEOMED,NEOMEDedu,314775396
New River CTC,newriverctc,314648609
Alice Lloyd College,ALCeagles,314063239
Christian Theological Seminary (CTS),CTS_Indy,313450297
Saint John's School of Theology and Seminary,CollegevilleMN,312652319
Fort Lewis College,FLCDurango,312109418
BelmontAbbey,BelmontAbbey,309703900
Hood College,hood_college,305162106
UL Lafayette,ULLafayette,305036746
CollegeoftheAtlantic,collegeatlantic,304971238
Calvary University,CalvaryUniv,304967184
Ozark Christian,Ozark1942,303411587
FVCCMT,fvccmt,301849853
Louisiana College,LA_College,301617258
CSUB,CSUBakersfield,300490280
UVa-Wise (official),UVa_Wise,300448290
UPIKE,upikebears,300271496
Touro Nevada,TouroNevada,297197451
Chipola College,ChipolaCollege,296999149
Florida Memorial University (Official),FLMemorialUniv,296306823
TrinityCollegeQC,TrinityCollegQC,292132713
Navajo Tech,NavajoTech,290164555
Dalton State,DaltonState,290151416
Culver-Stockton,CSC1853,289566632
Perimeter College,GSU_Perimeter,289542528
Aspen University,aspenuniversity,289030331
Abraham Baldwin Agricultural College,ABAC_College,288925783
Colorado Mesa U,ColoradoMesaU,288467593
WGU Washington,WGUWashington,288376489
CDU,cdrewu,288348952
Trinity Bapt College,tbc_edu,287848580
CC of Philadelphia,CCPedu,282583684
Johnston CC,JCC_NC,282196805
Massasoit CC,MassasoitTweets,282022448
Wayne Comm. College,wayneccnc,281545023
UNC Charlotte,unccharlotte,281285283
Brescia University,BresciaPR,280695728
MCCS,MCCSme,278594647
EMCC,EMCC_Community,278068492
Coconino CC,CoconinoCC,277622468
Whitman College,whitmancollege,277205119
Wright State University (Dayton, OH),wrightstate,276989862
Umaine at Fort Kent,UMaineFortKent,274988345
Rust College,Bearcat_News,274191271
UNOH.edu,UNOH_edu,273489035
Miami Dade College,MDCollege,273477116
Corning CC,corning_cc,271992176
Simpson College,SimpsonCollege,271552278
The College of Idaho,collegeofidaho,268402406
ThomasAquinasCollege,TACollege,268022235
Virginia Western CC,vawestern,267801063
Slippery Rock U ❄️,slipperyrockU,267766329
Pitt-Johnstown,PittJohnstown,266747919
SUNY Optometry,sunyopt,264330242
UpperIowa,UpperIowa,264245717
SWBaptist University,SBUniv,263814129
Communications,CalCommColleges,263275709
SDMiramarCollege,SDMiramar,263242414
TCM International,TCMIntl,263201857
U. of New Hampshire,UofNH,262319404
Comm. Coll. of DC,CCofDC,260937953
Midstate College,midstatecollege,259951651
Southern University,SouthernU_BR,259847685
Chicago State University,ChicagoState,259372626
York County CC,YCCCMaine,257438624
GlobalHE,GlobalHE,256898859
Silver Lake College,SilverLake54220,256673939
Elms College,ElmsCollege,256632596
Methodist University,Methodist_News,256583224
LakeForestGradSchool,LFGSM,255665003
LCTCS,golctcs,254237759
Brookdale CC News,BrookdaleCCNews,253338262
U. of New Haven,UNewHaven,253215692
Surry CC,surrycc,252759667
South University,SouthU,252706739
OCU,OaklandCityU,252685626
WesternNevadaCollege,WNC_Information,252248052
Penn State Hazleton,PSUHazleton,252155443
Georgia Southwestern,GaSouthwestern,250952285
PSU Lehigh Valley,PSULehighValley,250700374
Great Bay CC,greatbaycc,250222029
US Military Academy,WestPoint_USMA,249844732
Lyme Academy College,LymeAcademy,249673666
TVCC,TrinityValleyCC,249241333
Columbia University,Columbia,248795646
FBBC&TS,faithedu,246882237
Central Carolina,CentralCarolina,246825714
SCI-Arc,sciarc,244723075
UTTC,UnitedTribesND,243808128
University of Nebraska,u_nebraska,243366276
Amer. Indian College,aicagphx,242902444
Polk State College,PolkState,242296387
CollegeofCentralFL,CFedu,240772962
Univ. of Mount Olive,OfficialUMO,238246002
Chaminade News,Chaminade_Univ,237532097
Inter SG,InterSG1912,237404877
Point University,PointUniv,236859155
IrvineValleyCollege,MyIrvineValley,236624392
MBKU,MBKetchumU,236567049
Monroe College,monroe_college,234445379
Southern Virginia U.,SVUedu,233705096
Northwestern Health U,NWHealthU,229128212
Texas A&M Galveston,AggiesByTheSea,228923657
Reformed Seminary,ReformTheoSem,228540009
College of Alameda,CollegeAlameda,227759394
SUNY GCC,sunygcc,227714945
Merritt College,MerrittCollege,227112507
Wayland Baptist Univ,WaylandBaptist,227102630
Montreat College,montreatcollege,227014110
Middlesex County Col,MiddlesexCounCo,227004336
Williston State,willistonstate,226971754
Taylor University,tayloru,226600207
Eastern CT State U.,EasternCTStateU,226561689
National University,nuhsedu,225172011
Oberlin College,oberlincollege,225052010
CMC Leadville,CMCLeadville,224711528
#MontanaState,montanastate,224367026
Grossmont-Cuyamaca,gcccdtweets,224040516
Haskell University,HaskellU,223641941
ScottsdaleCC,ScottsdaleCC,221818098
Purdue North Central,PURDUENC,221764786
Reynolds,ReynoldsCollege,221055108
Philander Smith,PhilanderSmith,219748068
CCRI,CCRINews,217175524
Carlos Albizu Univer,carlosalbizuITU,216402235
SouthArk,SouthArkCC,216146223
Corcoran School @ GW,CorcoranGW,216058845
Prince George's CC,pgccnews,214968901
Arapahoe CC,ArapahoeCC,214939430
City Colleges Chicago,ChiCityColleges,214147859
UAFS,UAFS,214093734
VMI News,VMInews,214067094
SUNY Sullivan,suny_sullivan,211326215
IowaStateU,IowaStateU,211258879
StVincents MedCenter,StVincentsMC,209831158
Rose-Hulman,RoseHulman,208513803
NJ City University,NJCUniversity,207719305
SanDiegoMesaCollege,sdmesacollege,207647918
Thomas More College,ThomasMoreKY,207618042
Virginia Wesleyan,vawesleyan,206306156
PCOM,PCOMeducation,205349150
Vaughn College,VaughnCollege,204412337
Humphreys University,humphreysedu,204401500
NY Medical College,nymedcollege,203168280
Southwestern College,swc_news,203142568
UAA,UAApuertorico,202920910
UH Manoa,uhmanoa,202350999
SUNY Maritime,MaritimeCollege,202250830
Madonna University,MadonnaU,202217308
CorporateCollege-Laf,IvyTechWorks,201899253
Universidad Turabo,UniTurabo,201381569
Marymount College,MCAdvantage,199741756
Itawamba CC,ItawambaCC,199285096
Morrisville State,sunymorrisville,198992710
Tunxis Comm. College,tunxiscc,198984446
Alliant,AlliantU,197678693
Marylhurst Univ.,Marylhurst,197125495
SCNM,SCNMAZ,196467132
Seattle Colleges,SeattleColleges,196373224
Cty College Morris,CCM_edu,195832745
MWCC,MountWachusett,195813060
CollegeOfTheOzarks,CofOHardWorkU,195806875
UMass Medical School,UMassMedical,195180528
PVCC,PiedmontVaCC,194611814
Bethel College,bethelks,193581927
UT System,utsystem,193028483
Laney College,LaneyCollege,191651039
Lexington College,LexCollege,191591483
CGA Bears,CoastGuardBears,191544107
Southwestern College,Southwesternsf,191494212
Newbury College,NewburyColl,191486937
LIU Brooklyn,LIUBrooklyn,190719403
Stillman College,StillmanCollege,190674765
Midland University,MidlandU,190666712
Missouri Community College Association,MCCATweet,190279281
Univ. of Baltimore,EubieBee,189126566
Lawrence Tech,LawrenceTechU,188410211
MGH Institute,MGHInstitute,188357184
KCTCS,KCTCS,188304761
SFTS,SanFranSeminary,186577521
ECC West Campus,ECCWest,185664749
Penn State Hershey,PennStHershey,184788845
Texas A&M-Kingsville,JavelinaNation,183351882
Columbus State,cscc_edu,182942197
Missouri Baptist U,MoBaptistU,182506572
North Hennepin C.C.,NorthHennepin,182431754
Robert Morris IL,RobertMorrisU,182037021
Southeastern Bible,SEBCOfficial,182020042
Hartwick College,HartwickCollege,180506030
BGSP,BGSPsyA,179524369
ECU,EastCarolina,179111246
LakelandCommunityCol,LakelandCommCol,177917877
Manchester University,ManchesterUniv,177654409
UC Berkeley,UCBerkeley,176932593
Queens College|CUNY,QC_News,176878617
MN State Mankato,MNSUMankato,176448620
Sweet Briar College,Sweetbriaredu,176279329
Tabor College,TaborCollege,175444689
Mount Marty College,mountmarty,175429399
Univ.ofNorthFlorida,UofNorthFlorida,174783764
Lake Forest College,LFCollege,174770554
ASU Mid-South,asumidsouth,174267863
Craven Comm. College,cravencc,174264906
Holy Names Univ.,HolyNamesUniv,174003584
Paine College,PaineCollege,173943458
Framingham State,FraminghamU,172358251
Asbury University,AsburyUniv,172062989
NPS Monterey,NPS_Monterey,170101301
David Henahan,SUNYEmpireState,170005743
WMU-Cooley,WMUcooleylaw,167512543
KCU Knights,knightskcu,167103870
UPR Cayey Viva,uprcayey,166656120
The Citadel,Citadel1842,166629825
Harding University,HardingU,166338669
West Chester U,WCUofPA,165894671
ASU Downtown Phoenix,asudpc,164737232
U. of New Orleans,UofNO,164715263
Marywood University,MarywoodU,164314520
New Orleans Seminary,NOBTS,161686187
U. of Saint Joseph,USJCT,161683568
TidewaterCommCollege,TCCva,161321962
WVU Tech,WVU_Tech,161301582
Pensacola State,PensacolaState,161014569
Union Pres. Seminary,UPSeminary,160933243
DCCC,davidsonccc,160552424
NorthernEssexCC,NorthernEssex,160552135
Kansas Wesleyan,goKWU,159508731
Folsom Lake College,flcfalcons,159191482
Pacific Oaks College,pacificoaks,159146460
Molloy College,MolloyCollege,158450010
Bennett College,BennettCollege,158035366
Wiregrass Tech,wiregrasstech,156970388
Cabrillo College,CabrilloCollege,156820760
Athens State,AthensState,156722658
VCU,VCU,156714051
CTS Chicago,CTS_Chicago,154596905
Florida State University,floridastate,154533838
WGU Indiana,WGUIndiana,153456213
CapTechU,captechu,151973929
MCTC,MCTCtweets,151923086
Saint Paul College,StPaulCollege,151154607
Barry University,BarryUniversity,150736368
Maine College of Art,mecaart,148811789
St. John's College,stjohnscollege,148800605
Alabama State,alabamastateu,148693598
Maine Law,UMaineLaw,148064059
IUPUC,IUPUC,147791830
Nebraska Christian,nechristian,147585731
UW-River Falls,UWRiverFalls,145740499
A&M-Texarkana,TAMUTexarkana,145368851
BerkCommunityCollege,BerkshireCC,144889380
LSU Health Shreveport,LSUHS,143902766
VanderCook,VanderCook,143851928
USF St Petersburg,USFSPevents,143476735
Henderson State U,HendersonStateU,141214326
College of St Rose,CollegeofStRose,140950223
Aquinas Institute,aitheology,140857060
Wesley College,WesleyCollegeDE,140511073
Nebraska Wesleyan,NEWesleyan,139818087
Inter de Aguadilla,InterAguadilla,138175280
OHIO U Lancaster,ohiou_lancaster,137830450
Spike the Whale,uas_news,137806244
UNK,UNKearney,137747295
HCC Northeast,HCC_Northeast,137290284
NAUniversity,NatAmericanU,137068851
SCC IOWA,scciowa,136326326
American Public U,AmericanPublicU,135895585
Stockton University,Stockton_edu,135686901
Widener University,WidenerUniv,134865043
Hendrix College,hendrixcollege,134836292
NECB,NECBedu,133784495
Franciscan School,TFSRaleigh,133052600
UA Fairbanks,uafairbanks,132632232
HVCC,HudsonValleyCC,132615922
UC Blue Ash College,UCBlueAsh,132574190
Southwest Tech,swtc,132220776
Hartford Seminary,HartSem,132037426
American Military U,AmericanMilU,131281000
Truman State University,TrumanState,131184459
UChicago,UChicago,131144285
Wells College,wellscollege,130880421
UPR Ciencias Médicas,rcmupr,129920023
Rowan-Cabarrus CC,RCCCedu,129919338
Trevecca University,Trevecca,129339950
Touro University TUW,TouroUniversity,128988688
Univ. of the Potomac,UOTPotomac,128861237
OCC,OCCollege,128677433
Samford University,SamfordU,127613417
Avila University,AvilaUniversity,126649802
IU South Bend,IUSouthBend,125859965
MoodyBible Institute,Moody_Bible,125787425
Syracuse University,SyracuseU,125688706
Clark College,ClarkCollege,125404945
Livingstone College,Livingstone1879,125367832
Susquehanna U,SusquehannaU,124248484
Everett CC,EverettCC,123656376
TheLA9,TheLA9,123442249
Saybrook University,SaybrookU,122695478
Alma College,almacollege,122185564
SC STATE UNIVERSITY,SCSTATE1896,122169795
Concordia College NY,Concordiany,122159313
CUNY,CUNY,122059354
UPR,UPR_Oficial,121614910
LBC | Capital,lancasterbible,121599303
Cuesta College,Cuesta_College,121594738
Penn State,penn_state,119376050
McPherson College,Mac_College,118744330
Worcester State,WorcesterState,118740567
A&M-San Antonio,TAMUSanAntonio,117274820
University of Mobile,umobilenews,117101733
ITC,elearning10,116204154
Montana Western,MontanaWestern,115750509
Chowan University,ChowanU,115712173
MCC Admissions,MCCNHAdmit,115686650
IAUPR Optometry,iau_optoschool,115486934
Marion Military Inst,MarionMilitary,115434641
ITC,ITC_AACC,115383027
Stillman College,StillmanPride,115242236
St Charles Community,StCComm,115054742
UNW,NorthwesternMN,114887097
Lehman College,LehmanCollege,114863307
Jackson College,JacksonCollege,114813214
Northern Seminary,nseminary,114486261
A-B Tech,abtech_cc,114474330
Tri-County Technical College,tctcedu,113979458
NashuaCC,Nashua_Online,113686149
SFCM,SFConservMusic,113488251
The Juilliard School,JuilliardSchool,113426988
BYU–Hawaii,byuhawaii,113217721
InterBayamon,InterBayamon,113164930
Centralia College,CCBlazers,113099736
Benedictine College,BenedictineKS,113099415
Moreno Valley College,mvcollege,112840846
NaugatuckValley (NV),NaugatuckValley,112829574
TCC,GoToTCC,112727128
Central Michigan U.,CMUniversity,112519741
Salish Kootenai Coll,skcollege,111721678
Morehouse College,Morehouse,111074974
Graceland University,GracelandU,110816023
The King's College,TheKingsCollege,110464152
UMaine-Machias,UMaineMachias,109672027
MUIH,MUIHealth,109666857
Briar Cliff,briar_cliff,109658722
HCCC,HudsonCCC,109297087
Rhode Island College,RICNews,108657550
UTChattanooga,UTChattanooga,108651709
Univ of South Dakota,usd,108617132
Kentucky State U.,KyStateU,108606416
LCCC,lorainccc,108301095
RRCC,rrccedu,107472023
Hastings College,HastingsCollege,107426833
FIT,FIT,107265492
Chadron State,chadronstate,107192100
PacificSchReligion,psrberkeley,107163733
University of Houston,UHouston,107145333
Bay Path University,Bay_Path,106808029
Northeast Iowa CC,NEiowaCC,106775140
Texas Wesleyan,TexasWesleyan,106774340
JSRCC VC,jsrccvc,106746561
TheBAC,TheBACBoston,105289994
Soka University,SokaUniv,104948730
Fisher News,FisherNews,104936595
Youngstown State University,youngstownstate,104876976
Tri-C,TriCedu,104858578
Vance-Granville CC,VanceGranville,104574186
Boston University,BU_Tweets,104561488
Millikin University,MillikinU,104541194
Belhaven University,BelhavenU,104229790
StateCollegeFlorida,SCFnow,104175768
UHDowntown,uhdowntown,103137208
Spalding University,SpaldingU,103071138
SUNY Ulster,SUNYUlster,102989235
Valley Forge,UValleyForge,102763890
MSMC,msmc_events,102489776
Saint Louis University,SLU_Official,102423027
WKCTC,WKCTC,102231996
CCRC,CommunityCCRC,102167281
Merced College,mercedcollege,102121599
UMUC,UMUC,99756515
Clayton State,ClaytonState,98911350
Yuba College,DustyNiner,98746849
Oglethorpe U,OglethorpeUniv,98660664
Great Basin College,gbcnevada,98482736
Vermont Law School,VTLawSchool,98395301
Embry-Riddle Univ,EmbryRiddle,97354587
University of Alaska,UA_System,97325701
Reed College,Reed_College_,97304350
Colby-Sawyer College,colbysawyer,96986937
Central Christian,cccwichita,96840176
Warner University,WarnerU,96143717
BRCC,MyBRCC,96142625
NewSchool San Diego,NewSchoolArch,95969660
Hawaii CC,HawCC,95775723
Stevens,FollowStevens,95713803
KU Medical Center,KUMedCenter,95245399
Southwest University,SUVAedu,95240014
Maricopa CC District,mcccd,95227144
VFMAC,VFMAC,94592288
United States Univ.,USUniversity,94454689
Hannibal-LaGrange U,HLGuniversity,94346417
ASUMH,ASUMountainHome,94165275
Paradise Valley Community College,PVCC_Official,93748162
York College of PA,yorkcollegepa,93686275
Fuller Seminary,fullerseminary,92626936
CC of Aurora,CCAurora,92502604
Missouri Western,MissouriWestern,92430910
UMSL,umsl,92316446
UW-La Crosse,UWLaCrosse,92291602
Montgomery College,montcollegejobs,92066134
SD Community College,SDCCD,91567640
SUNY Canton,SUNYCantonNews,91348728
AlbanyMedicalCenter,AlbanyMed,90904573
Great Lakes C.C.,GLCCCrusaders,90795499
Housatonic,HCCBridgeport,90772899
Union County College,UCCweb,90714690
CornerstoneU,CornerstoneU,90454766
UNC Pembroke,uncpembroke,90442703
Fielding University,FieldingGradU,90441389
Purdue Polytechnic Institute—West Lafayette,TechPurdue,90423606
WSU Tri-Cities,WSUTriCities,89792361
LamarInstituteofTech,LITBMT,89775174
UW-Superior,uw_superior,89737115
BCF,baptistcollege,89119145
Albany Pharmacy,ACPHS518,88994215
Univ. of Michigan,UMich,88836132
Western Seminary,WesternSeminary,88801545
Emporia State,emporiastate,88770604
UAM Admissions,UAMAdmissions,88755249
Casper College,CasperCollege,88728106
Tennessee Wesleyan,TNWesleyan,88702432
UH Kapiolani,uhkapiolani,87786716
CSB/SJU,CSBSJU,87770695
Dillard University,du1869,87558494
SJCL,SJCL1969,87547092
SUNY Old Westbury,SUNYOldWestbury,87470943
Alabama A&M,aamuedu,87301529
Montana Tech,montana_tech,87288395
Univ. of St. Thomas,UofStThomasMN,87270609
MVCC Mohawk Valley,MVCC_UticaRome,87251660
Ohio State Newark,OhioStateNewark,87218752
West Liberty U,westlibertyu,87036994
Savannah State,savannahstate,87036966
EICC,tweet_eicc,87016942
Universidad del Este,univdeleste,86990326
Univ. Metropolitana,UMET_PR,86990245
Loyola New Orleans,Loyola_NOLA,86976054
Alcorn State,AlcornStateU,86958943
AmericanCollegeofEd,ACEedu,86520446
Ana G. Méndez,SUAGM,86363057
Notre Dame College,NotreDameOhio,86354816
MSJC,MSJCedu,85905306
Terra State,TerraCC,85879270
WA Campus Compact,WACampusCompact,85874073
Central Seminary,CBTSKansas,85635213
NSCC,northshore_cc,85603526
NIACC,myniacc,85462457
UTSA,UTSA,85362822
GordonStateCollege,GordonState,85334958
Ohio Wesleyan Univ.,OhioWesleyan,85301989
Briarcliffe College,BriarcliffeEdu,84594465
Highline College,highlinenews,84352455
UConn,UConn,84327770
BismarckStateCollege,Bismarck_State,84164789
U of Mary Washington,UMaryWash,84149116
Cuyamaca College,cuyamacacollege,84116088
IRSC - The River,IRSCTheRiver,84106556
New River CC,NRCCedu,83913129
Wheelock College,WheelockCollege,83896876
Cazenovia College,CazCollege,83887870
WSSU,WSSURAMS,83882523
Norfolk State,NSU_SA,83703717
UTMB Health,utmbhealth,83675581
Chamberlain,chamberlainedu,83036837
Monroe Comm College,MonroeCC,82972430
COTC,COTCedu,82900516
Clatsop CC,ClatsopCC,82709322
Triton College,tritoncollege,82688956
Niagara University,NiagaraUniv,82409562
Eastern Michigan,EasternMichU,82389179
Highland College,HighlandCollege,82382928
St. Lawrence University,StLawrenceU,82233331
Phillips Seminary,phillipstheosem,82139434
LindenwoodUniversity,LindenwoodU,82115899
Lord Fairfax CC,lfccedu,82114569
NDSCS,ndscswildcats,81913058
Moraine Park Tech,MoraineParkTech,81910008
SFBCollege,SFBCollege,81881505
ICSW,ICSW_Chicago,81740981
McKendree University,McKendreeU,81188850
Franklin Pierce,FPUniversity,81175040
Scripps College,scrippscollege,80940290
OhioValleyUniversity,OVUniversity,80570049
Heartland C.C.,Heartland_CC,80327786
Sonoma State,SSU_1961,80105473
York College CUNY,YorkCollegeCUNY,80084697
HCC Florida,HCCFL,79538332
MSU Northern,MSUNorthern,79300514
NorthCentralState,ncstatecollege,79263904
SVCC,saukvalleycc,79229398
Vincennes University,VincennesU,79018651
William Penn University,WilliamPennU,78950558
PasadenaCityCollege,PCCLancer,78736148
Richmont Grad U,richmontgradu,78684424
Covenant Seminary,CovSeminary,78648347
TAMIU,txamiu,78086826
NortheasternSeminary,NESeminary,78012899
Crossroads College,CrossrdsCollege,77368089
San Jacinto College,SanJacCollege,77036130
New Mexico Tech,newmexicotech,76842740
Siena Heights,sienaheights,76688718
AIU Online,AIUniv,76380201
University of Guam,UOGTriton,75906825
Alaska Pacific Univ.,AlaskaPacificU,75422386
SouthSeattleCollege,SouthSeattleCC,75317710
Westminster Seminary,wscal,75109635
Xavier University,XavierUniv,75098975
Ohio State Mansfield,osumansfield,75091537
Morgan State University,MorganStateU,75068011
OttawaU,OttawaU,74858412
Grace Bible College,gbcol,74826376
OU-Tulsa,OUTulsa,74825153
OSUIT,OSUIT,74349931
City Tech-CUNY,CityTechNews,74279050
Shawnee State,ShawneeState,74207566
SMU News,SMUNews,73504248
Raritan Valley CC,raritanvalleycc,73439831
Nyack College,NyackCollege,73394784
Vermont Tech,vttech,72907197
Salem College,SalemCollege,72864722
Claremont Theology,CST_News,72659768
ASU West campus,asuwestcampus,71647012
MSU Denver,msudenver,71592321
DePauw University,DePauwU,71563476
Alfred State,AlfredState,71535306
Essex County College,EssexCountyNwk,71366787
NOBTS Enlistment,OSEnews,71359975
Edward Waters Coll.,ewctigers,71327190
Covenant College,CovenantCollege,71323602
IN Wesleyan Univ.,IndWes,71285489
SUNY,SUNY,71048920
GraduateTheologicalU,tweetGTU,70810411
Marion Tech,MarionTech,70781797
LSC-Montgomery,LSC_Montgomery,70766699
McDaniel College,McDanielCollege,70711952
Oak Hills College,OakHillsCollege,70510922
ENMU,enmu,70481087
Louisiana Delta CC,LADeltaCC,70470380
MLC Athletics,mlcknights,70464929
Vassar College,Vassar,70447611
University of Dallas,UofDallas,70437571
LeechLkTribalCollege,LLTribalCollege,70433336
Mills College,MillsCollege,70010798
Vanguard University,VanguardU,69460350
IAIA,IAIASantaFe,69147678
National University,NatUniv,69127494
USAFA (Official),AF_Academy,69073724
Santa Clara Univ,SantaClaraUniv,69056707
Mid-Continent,MCUCOUGARS,68981588
Missouri Southern,mosolions,68779360
University of Pittsburgh,PittTweet,68503423
Catholic University,CatholicUniv,68475814
St. Andrews,SA_Knight,68419548
Welch College,WelchCollege,68060301
TAMU Corps of Cadets,AggieCorps,67735085
SFAI,SFAIofficial,67717762
Gallaudet University,GallaudetU,67713407
Dean College,DeanCollege,67636095
Husson University,HussonU,67618564
Fresno State,Fresno_State,67497155
CTU,ctuniversity,67383436
MSM,MSMEDU,67006855
NMU,NorthernMichU,66763397
MCC Kansas City,MCCKansasCity,66694769
GA Piedmont Tech Col,GoGPTC,66537746
Blinn College,BlinnCollege,66496383
CalArts,CalArts,66428805
Lone Star College,LSCnews,66386632
HSBC,hobesoundbible,65972099
CCA,CACollegeofArts,65778845
South Mountain CC,smcccougar,65731259
Ruth A Myers Library,RAMyersLibrary,65688062
Wabash College,WabashCollege,65686324
Manhattanville,Mville_College,65634425
UNC Greensboro,UNCG,65615119
Thomas More College,ThomasMoreNH,65567130
CGCC,ColumbiaGorgeCC,65479663
SJC,SJC_Pumas,65436175
Walters State,WaltersState,65422822
NOVA WD (AN Updates),NOVACEAnnandale,65422322
LB City College,LBCityCollege,65402279
Henderson CC,hendersoncc,65380177
SVA News,SVA_News,65141161
UIW,uiwcardinals,65135274
VCFA,VCFA,65104899
Thomas University,ThomasU1950,65059576
Texas State,txst,64826699
LaGrange  College,LaGrangeCollege,64711161
Brandman University,BrandmanU,64578209
Lyon College,LyonCollege,64502143
Frostburg State University,frostburgstate,64437124
Brooklyn College,BklynCollege411,64397992
Cal State East Bay,CalStateEastBay,64224026
SalemUTigers,SalemUTigers,64009275
McCormick Seminary,McCormickSem,63824357
JeffersonC&TCollege,JeffersonCTC,63521833
Mid-America Seminary,MABTS,63520163
Ilisagvik College,Ilisagvik,63298994
COD Newsroom,codnewsroom,63261960
PLU,PLUNEWS,63243011
Antioch Los Angeles,AntiochLA,63169939
Norwich University,norwichnews,63163393
Villanova University,VillanovaU,63143087
Fairleigh Dickinson University,FDUWhatsNew,62850528
Five Towns College,FiveTownsNY,62850178
Dona Ana CC,DonaAnaCC,62563514
NDNU,NDNU,62560952
William Woods Univ.,WilliamWoodsU,62559215
NazareneBibleCollege,NazBibleCollege,62547414
CTSFW,CTSFWedu,62542656
Lesley University,lesley_u,61787394
LIU Brentwood,LIUBrentwood,61784876
Thomas Edison State,tesu_edu,61543831
Mount Mary,MountMary,61292348
Gateway Tech College,gatewaytech,61277386
Jefferson College,JCHSRoanokeVA,61245187
UACC-Morrilton,UACCM,61234313
UNH Manchester,UNHManchester,61233791
DePaul Admission,DePaulAdmission,61002925
DMACC,DMACCNews,60931411
Hebrew Union College,HUCJIR,60704313
Parker University,ParkerUniv,60666023
Ursuline College,UrsulineCampus,60355706
Union College,UnionCollegeNY,59860452
TrinityBibleCollege,trinitybible,59828156
University of Southern Indiana,USIedu,59814607
HCC District,HCCDistrict,59769432
Bates Tech College,BatesTechnical,59584551
Kaplan University,Kaplan_Univ,59531850
Georgia College,GeorgiaCollege,59490579
Wartburg College,WartburgCollege,59484515
Sterling College,SterlingCLife,59241580
UniversityofArkansas,UArkansas,59213971
Fredonia,FredoniaU,59150787
Grace University,graceuniversity,58881324
UAPB News,uapbinfo,58833926
Mount Saint Vincent,MountStVincent,58801487
Shaw University,ShawUniversity,57826981
Augustana College,Augustana_IL,57465431
UMass,UMass,57431537
Univ. of Sioux Falls,USiouxFalls,57428975
Adelphi University,AdelphiU,57400495
Valley College,valleycollege,57396010
University of San Francisco,usfca,57185317
Medgar Evers College,NewsatMedgar,57124991
Hilbert College,HilbertCollege,57095964
LSU Alexandria,LSUAlexandria,57086506
CCBC,CCBCedu,57031500
Eureka College,EurekaCollege,56804789
Clear Creek,Clear_Creek,56775919
Lincoln Christian,LCU1944,56763758
Utica College,uticacollege,56720323
#SJUNOW,StJohnsNow,56586712
Western Int'l. Univ.,westedu,56529498
Delaware Tech Terry,dtccterry,56441263
USF - Fort Wayne,USFFW,56441201
NMMI,NMMI,56375310
TUSKEGEE UNIVERSITY,TuskegeeUniv,56280035
Rivier University,RivUniversity,55692863
PCA&D,pcad_edu,55640176
Cambridge College,CambridgeCollg,55636576
Salem State,SalemState,55636561
DCC | danville.edu,DCCPR,55560612
Trinity Christian College,TrinityTroll,55372463
Univ. of the Rockies,URockies,55358152
Ashford University,AshfordU,55356932
Phillips College,PCCUA,55331216
OUEasternCampus,OUEasternCampus,55295410
NJCommunityColleges,NJCommColleges,55286661
Paul Quinn College,PaulQuinnTigers,55278426
Nichols College,Nichols_College,55260663
Montserrat Gallery,montgallery,55249070
New College of FL,NewCollegeofFL,55026459
Clover Park Tech,CloverParkTech,55021855
Muskegon Community College,MuskegonCC,54990216
WAU News,WAUnews,54989496
Florida Tech,FloridaTech,54937697
VirginiaStateUniv,VSUTrojans,54908916
Mercy College Iowa,MercyCollege_IA,54695835
The Master's Seminary,MastersSeminary,54670452
Kennesaw State,kennesawstate,54637018
Washington College,washcoll,54622807
Manhattan S of Music,MSMnyc,54603635
Clarke University,ClarkeU,54599815
Pellissippi State,ps,54291567
Salisbury University,SalisburyU,54229500
Union Seminary,UnionSeminary,53441953
Military Schools,militaryschools,53137263
KCU,Kcumb,53110981
U. of Holy Cross,UofHC,52861634
Barton College,bartoncollege,52856662
Rancho Santiago CCD,RSCCD,52808826
Newberry College,NewberryCollege,52808311
Garrett Hinshaw,cvccled,52729453
SCU Health Sciences,SCUHS,52513810
North Carolina A&T,ncatsuaggies,52487302
Rappahannock CC,rappahannockcc,52438574
VHCC,VHCC,52317824
ChurchDivinitySchool,CDSPTweet,52224232
Santa Fe College,SantaFeCollege,52092937
St. Edward's University,stedwardsu,51265120
Marymount California,MarymountCU,51212820
Wentworth News,WITNews,51170186
Redlands CC,redlandscougars,51064874
Madison College,MadisonCollege,50915521
Northern NM College,NNMC,50787121
Stony Brook U.,stonybrooku,50762782
Vernon College,VernonCollege,50760347
Southern U. at N.O.,SUNOKnights,50752112
St. Bonaventure U,StBonaventure,50733898
FarmingdaleState,FarmingdaleSC,50675556
Delaware State Univ,DelStateUniv,50654477
Dominican University,DominicanU,50444870
UHartfordNews,UHartfordNews,50430107
Post University,PostUniversity,50401996
Seminary Southwest,mySSW,50396016
Maricopa News,MaricopaNews,50383471
UVU,UVU,50361365
Schreiner University,SchreinerU,50331201
Wesleyan College,WesleyanCollege,50328899
KCAI,KCArtInstitute,50306877
Washburn University,WashburnUniv,50213813
TXWoman's University,txwomans,50088445
IWP,theIWP,50075754
MiddlesexCommCollege,middlesex_cc,50004117
Quinebaug Valley CC,QVCC,49992459
Methodist University,KingMonarch,49961186
Marygrove College,MGCollege,49735510
Eastern Nazarene,EasternNazarene,49680995
Clackamas College,ClackCollege,49671052
RISD,risd,49659772
Georgian Court,Georgiancourt,49141047
CSUSB News,CSUSBNews,48852266
K-State,KState,48808600
John Jay College,JohnJayCollege,48783951
WV Wesleyan,WVWesleyan,48724267
Longy,LongyMusic,48722730
UMaine Admissions,GoUMaine,48707718
StPetersburgCollege,spcnews,48705953
SJRState,SJRState,48666578
UWG,UnivWestGa,48480225
Garrett-ETS,GarrettSeminary,48478305
UW-Eau Claire,UWEauClaire,48434251
Sheridan College,sheridancollege,48405258
Prairie View A&M,PVAMU,48378520
UPR Río Piedras,uprrp,48357126
College...Ouachitas,coto4me,48126806
LCAD,lcad,48080643
USD,uofsandiego,48073090
Cañada College,CanadaCollege,48004505
Point Loma Naz Univ,PLNU,48000835
SNC Tahoe,snclaketahoe,47782123
United Seminary,unitedtheologic,47768158
Edison State CC,EdisonOhio,47743651
Los Medanos College,losmedanos,47739775
Coppin State U,CoppinStateUniv,47711596
Montclair State U,montclairstateu,47703620
SUNY Upstate Medical,UpstateNews,47676683
Rock Valley College,rvcgoldeneagles,47659177
Golden West College,gwchb,47656565
MountAloysiusCollege,mountaloysius,47653426
Eastfield College,EastfieldDCCCD,47650993
Mountain View College,MVConline,47613516
Cedar Valley College,CVCOnline,47613010
El Centro College,ECCOnline,47612569
LA Valley College,LAValleyCollege,47482115
Manhattan Christian,MCCAdmissions,47441635
UCumberlands,UCumberlands,47392442
Chandler-Gilbert CC,chandlergilbert,47390941
Huntington Univ,HuntingtonU,47369118
PSU Brandywine,PSUBrandywine,47322786
Denver Seminary,denverseminary,47225314
Valencia Foundation,valenciagiving,47220692
Skidmore College,SkidmoreCollege,46751066
Winona State U,winonastateu,46741592
Loyola University MD,LoyolaMaryland,46684174
RMCAD®,RMCAD,46573982
Life Pacific College,LifePacific,46522809
Weber State Univ.,WeberStateU,46511459
Lees-McRae College,LeesMcRae,46492052
Northeastern U.,Northeastern,46477409
Judson University,JudsonU,46476700
Delta College,DeltaCollege,46419102
UMaine Farmington,UMFinthenews,46417359
Foothill College,Foothillnews,46229272
Western Oregon Univ.,WOUnews,46224022
UWest,u_west,46203048
Spring Arbor Univ.,springarboru,46195072
Waldorf University,Waldorf_U,46194917
Tennessee State Univ,TSUedu,46181435
OSU-CHS,OSUCHS,46129699
Hinds Comm. College,HindsCC,45903028
Valencia College,valenciacollege,45897573
Campbellsville Uni.,CampbellsvilleU,45852643
Montgomery CC,MontgomeryCC,45852111
GMC Columbus,GMCColumbus,45845647
National ParkCollege,NationalParkC,45841156
IU Kokomo,IUKokomo,45835893
North Orange CCCD,nocccd,45658751
Milligan College,MilliganCollege,45642099
Keller Graduate,KellerGraduate,45635626
School of the Arts,UNCSchoolofArts,45620076
SCSU (Southern),SCSU,45619885
Maryville College,MaryvilleC,45576916
Northwest Nazarene,nwnazarene,45021105
UBridgeport,UBridgeport,44971573
Agnes Scott College,agnesscott,44964131
Young Harris College,YH_College,44937938
Weatherford College,WfordCollege,44922560
Mercer University,MercerYou,44916082
U.S. Sports Academy,USSportsAcademy,44912796
WNCC,WNCC,44910651
Virginia Western,VirginiaWestern,44907596
Cleveland State,clevelandstate,44893525
TXChiroCollege,TXChiroCollege,44888716
UofMemphis,uofmemphis,44636875
San Diego Christian,SDChristian,44473539
Andrews University,AndrewsUniv,44467408
Wilson Comm College,wccwilsonnc,44410234
Lewis University,LewisUniversity,44370198
COA,COA_Dolphins,44358005
LowerColumbiaCollege,LowerCC,44232147
The Chicago School,GradPsychology,44219679
Ripon College,riponcollege,44200768
NTC,NTCNews,44170925
FLORIDA,UF,44168607
LSU,lsu,44156044
MGCCC Bulldogs,MGCCCBulldogs,44151524
Army War College,ArmyWarCollege,44104395
Gardner-Webb,TheGardnerWebb,43968846
TAMU-Corpus Christi,IslandCampus,43362650
Wilmington College (OH),WilmingtonColl,43191511
DeVry University,devryuniv,43149222
Boston Conservatory at Berklee,BosConservatory,43120631
Occidental College,Occidental,42999204
Western Tech College,WesternTC,42953875
CBU,calbaptist,42941238
Mount Vernon Nazarene University,MVNUNews,42909356
Wellesley College,Wellesley,42889581
Miami University,miamiuniversity,42790918
McMurry University,mcmuniv,42668873
Kean University,KeanUniversity,42666033
Owens CC,OwensCC,42646239
OCAC |  PDX,OCAC_edu,42446317
Prensa RUM,PrensaRUM,41890612
Illinois State,IllinoisStateU,41873654
Queensborough | CUNY,QCC_CUNY,41869067
BHU,BeulahHeights,41864843
Bethune-Cookman,bethunecookman,41807824
NW Ark Comm College,NWACC,41796216
University of St. Francis,UofStFrancis,41715184
Maryland Institute College of Art,mica,41643124
Harrington College,hcdinfo,41607975
DACC,DanvilleAreaCC,41606026
Villa Maria College,VillaMariaClg,41600110
Santa Monica College,SMC_edu,41474889
Warner Pacific,WarnerPacific,41419563
St. Kate's,StKate,41409629
South Dakota State,SDState,41388504
Dakota College,DakotaCollege,41371943
York Tech,yorktech,41354358
MSU,michiganstateu,41346792
MO Valley College,missourivalley,41254960
Palo Alto College,PACPR,41224294
Mars Hill University,MarsHillU,41203202
SMCC,SMCCMaine,41186600
Western Michigan U,WesternMichU,41123435
Penn State Greater Allegheny,PennStateGA,41109211
PCC,piedmontcc,41106932
Dordt College,dordtcollege,40960867
University of Oregon,uoregon,40940457
Academy of Art Univ.,academy_of_art,40358092
Louisville Seminary,lptsNOW,40336947
Normandale CECT,NormandaleCECT,40320023
Inver Hills CC,InverHillsCC,40280588
Marymount Manhattan,NYCMarymount,40271640
UNLV,unlv,40268530
Blackhawk Tech,blackhawk_tech,40265917
Seattle Pacific Univ,SeattlePacific,40121967
WV State University,WVStateU,40079426
Fayetteville State,uncfsu,40073871
Truett McConnell,TruettMcConnell,40045049
OU Zanesville,ouzanesville,40035299
Logan University,LoganUniversity,39899880
USF Sarasota-Manatee,USFSM,39825849
NWF State College,nwfstatecollege,39825185
South Piedmont CC,SouthPiedmontCC,39808796
Southwestern Online,SCHigherEd,39782891
Bloomfield College,bloomfieldedu,39776883
GCC,gccaz,39768170
Zaytuna College,zaytunacollege,39661402
Woodbury University,WoodburyU,39620359
HCC Central,HCCcentral,39603037
LaGuardia CC,LaGuardiaCC,39598688
Palm Beach State,PBStateCollege,39592258
Harvard University,Harvard,39585367
FIU,FIU,39583267
Illinois Wesleyan,IL_Wesleyan,39579772
BCCC,beaufortccc,39572133
University of Louisville,uofl,39566272
Northwest University,northwestu,39557235
UMBC,UMBC,39542611
Xavier Univ. of LA,XULA1925,39527884
Lincoln Land College,LincolnLand,39395820
USF,USouthFlorida,39306293
UW System,UWSystem,39261830
Detroit Mercy,UDMDetroit,39258348
Columbia Seminary,CTSeminary,38713740
PennHighlands,PennHighlands,38698501
Northern State U.,NorthernStateU,38534312
Alvin College,accnews,38525999
SB City College,SantaBarbaraCC,38524752
La Sierra University,lasierranews,38508852
MCPHS - Worcester,MCPHSWorcester,38485553
Columbia State,columbiastate,38461462
Lewis and Clark,lewisandclarkcc,38459112
Wade College,WadeCollege,38452249
Frontier University,FrontierNursing,38376214
Antioch New England,AntiochNewEng,38344892
Univ of the South,univofthesouth,38278974
ASU Polytechnic,asupoly,38274430
Wiley College,WileyCollege,38239426
Univ. of Evansville,UEvansville,38216129
Rockhurst University,RockhurstU,38174171
Spring Hill College,sprhill,38023077
Centenary University,Centenary_NJ,37941302
New England College,NewEngCollege,37923914
#MSMUnstoppable,MSMU_LA,37791070
Mayland CC,maylandcc,37742731
Clarks Summit U,ClarksSummitU,37731773
Union Inst. & Univ.,myunionedu,37724635
Columbia College,ColumbiaColg,37716855
Florida Southern,FLSouthern,37688922
Gateway Seminary,GatewaySeminary,37599681
Univ of Indianapolis,uindy,37410550
Diablo Valley Coll.,DVC_updates,37254407
Lincoln University,LUBlueTigers,37251041
Master's University,mastersuniv,37122330
Durham Tech,durhamtech,37061935
Misericordia U,MisericordiaU,37047831
Benedictine Univ.,BenU1887,37044675
UT Dallas,UT_Dallas,36989808
Campbell University,campbelledu,36977227
Crowder College,CrowderCollege,36939907
Wesley Seminary,WesleyTheoSem,36929380
Northwest State,NorthwestState,36790429
TTUHSC,TTUHSC,36742477
LakeSuperiorCollege,LSC_Duluth,36739488
Stanislaus State,stan_state,36724246
Lee College,leecollege,36695401
Fullerton College,FullColl,36691860
Bethany Lutheran,BethanyLutheran,36678203
Georgetown McDonough,msbgu,36672696
Georgia Gwinnett,GeorgiaGwinnett,36671384
Central AZ College,CACadmissions,36550498
SUSLA,SUShreveport,36517952
Drew University,DrewUniversity,36508339
Forsyth Tech,ForsythTechCC,36452990
Central Baptist,CentBaptCollege,36451353
Temple University,TempleUniv,36445142
SFCC,SFCCNM,36431627
Roberts Wesleyan,RobertsWesleyan,36425430
Jackson State U.,JacksonStateU,36395518
CCCC,iamcccc,36380965
Hope International,HIUnow,36225822
Barnard College,BarnardCollege,36196223
OBU,Ouachita,36138921
Rush University Medical Center,RushMedical,36131454
CollegeOfTheMainland,COMDucks,36073825
Florida College,floridacollege,36071844
Ball State,BallState,36052628
Baptist Bible College Springfield, MO.,BBCandTS,35897127
PFIC News,pficnews,35858265
University of Mary,umary,35824238
ClevelandCommCollege,ClevelandCC,35805866
UniversitySystemofGA,BORUSG,35804232
U of North Dakota,UofNorthDakota,35790375
Judson College,JudsonCollege,35771406
Houghton College,HoughtonCollege,35768047
LSCS Recruiting,LSCSRecruiting,35745690
Isothermal Comm Coll,isothermal_edu,35728673
Mass. School of Law,MSLandover,35268129
Dominican University,DominicanCANews,35143051
Lane CC,LaneTitans,35014821
Ohio State Lima,OhioStateLima,35013199
Nashville State CC,NashvilleState,34989485
Saint Mary,USMSpireWire,34970223
Iona College,ionacollege,34956641
NYCC,NYChiroCollege,34945774
Glendale College CA,GCCPIO,34858076
KeiserUniversity,KeiserU,34761436
Teachers College, CU,TeachersCollege,34755840
University of Northern Iowa,northerniowa,34744859
Bemidji State Univ.,BemidjiState,34736976
Coastline College,CoastlineInOC,34727375
Chaffey College,chaffeycollege,34700266
Catawba Valley CC,CatawbaValleyCC,34688791
Wake Forest University,WakeForest,34685994
Lynn University,LynnUniversity,34674857
CommunityCollegeofVT,CCV_VT,34665127
Reading Area CC,RACC_edu,34645820
Kendall College,KendallCollege,34638308
NHW,nhweber,34635167
Franciscan U,FranciscanU,34617916
UCB,ucbpr,34557951
Northcentral U,NorthcentralU,34546770
Park University,ParkUniversity,34517641
Univ. of Mount Union,mountunion,34413435
Claremont McKenna,CMCnews,34398872
Loma Linda U. Health,LLUHealth,34391787
Westminster College,WestminsterMO,34390143
Saint Joseph's,saintjosephs,34362629
MCC,mccneb,34360132
University of Kentucky,universityofky,34323121
USTHouston,stthomashouston,34313926
NEC,necmusic,34291542
MassArt,MassArt,34134307
Iowa Lakes,IowaLakes,33957357
Wingate University,WingateUniv,33949036
Texas Southern University,TexasSouthern,33947760
Doane University,DoaneUniversity,33944594
Rhodes College,RhodesCollege,33943616
SUNY Cortland,suny_cortland,33936517
RCC,SUNYRockland,33919677
OUHSC,OUHSC,33916471
South College,SouthCollege,33891433
El Camino College,elcaminocollege,33648352
Northwestern,NorthwesternU,33639255
SouthwesternCC,southwesterncc,33602004
Connecticut College,ConnCollege,33588988
St. Charles CC,SCC_StCharlesCC,33572764
Trinity College,trinitycollege,33571177
Del Mar College,DelMarCollege,33538041
AlamanceCC,AlamanceCC,33487797
Midwestern Seminary,MBTS,33021930
Grindle Honors,HonorsInstitute,33014206
MACU,MACUniversity,32953604
St. Clair County CC,followSC4,32813568
Carleton College,CarletonCollege,32543687
Auburn Montgomery,aumontgomery,32534958
Cranbrook Art,cranbrookart,32474949
New Saint Andrews,NewSaintAndrews,32474813
Anoka-Ramsey College,AnokaRamseyCC,32465689
Naropa University,NaropaU,32455614
American University,AmericanU,32433037
North Central U,NorthCentral_MN,32424224
Randolph Macon,RandolphMacon,32141328
Messiah College,messiahcollege,32126373
Keuka College,KeukaCollege,32107209
Roosevelt University,RooseveltU,32036738
OralRobertsU,OralRobertsU,31993555
SUNY Plattsburgh,SUNYPlattsburgh,31975350
University of Kansas,KUnews,31947242
Southeastern_CC,Southeastern_CC,31850115
LSSU,LifeatLSSU,31780753
Cooper Union,cooperunion,31585636
Simon's Rock,SimonsRock,31477761
Bethany College KS,bethanynews,31476969
Georgia Bulldogs,UGAAthletics,31191508
Saint Peter's Univ.,saintpetersuniv,31169220
Clearwater Christian,clearwatercc,31164781
SEBTS,SEBTS,31158723
Rogue CC,RogueCC,31154591
UW-Parkside,uwparkside,31153345
Williams Baptist,williamsbaptist,31143621
Louisiana Tech University,LATech,31131608
Pratt Institute,PrattInstitute,30968032
Rose State College,RoseState,30950320
Uni of New England,unetweets,30865460
Rio Salado College,RioSaladoOnline,30761405
University of Tampa,UofTampa,30738290
Adler University,AdlerUniversity,30660943
UT Martin,utmartin,30592108
Sioux Falls Seminary,SFSeminary,30300539
UC Berkeley News,UCBerkeleyNews,30275911
Mt. Hood CC,MtHoodCommunity,30238558
OBU,obunews,30227363
SUNY-ESF,sunyesf,30209813
AU Santa Barbara,antiochsb,30158399
U of Jamestown,JimmieKnight,30139506
LIU Post,LIUPost,30127605
Green River College,GreenRiverCC,30059943
Brazosport College,BCgators,30014492
HighPointUniversity,HighPointU,29996748
IU Southeast,IUSoutheast,29995456
Camden Cty. College,camdencc,29988699
SaintMaryoftheWoods,smwc,29985938
Gadsden State,gadsdenstate,29985660
NUNM,NUNM_EDU,29856791
UNTHSC,UNTHSC,29803896
Southeastern,seuniversity,29800583
Univ. Hawaii at Hilo,UHHilo,29777489
Brenau University,BrenauU,29724741
Presbyterian College,presbycollege,29711841
Mary Hardin-Baylor,UMHB,29629859
FloridaA&MUniversity,FAMU_1887,29556786
IowaWesleyan,IowaWesleyan,29537792
Idaho State U.,IdahoStateU,29526652
Western State Colo U,WesternColoU,29513379
QuinnipiacUniversity,QuinnipiacU,29495727
Mount St. Mary's U,MSMU,29488232
The Wright Institute,wrightinstitute,29476674
Montgomery College,montgomerycoll,29475822
ATSU,ATSU_news,29474489
St Thomas Univ Miami,StThomasUniv,29472540
UVM,uvmvermont,29447794
Univ. of Delaware,UDelaware,29447487
W&J College,wjcollege,29444720
NC Wesleyan College,ncwesleyan,29308211
U of Miss. Med. Ctr.,UMMCnews,29291785
Olivet Nazarene,olivetnazarene,29289768
Asnuntuck,AsnuntuckCC,29241123
Wichita State,WichitaState,29233206
Trinity Washington U,TrinityDC,29226311
College at Brockport,Brockport,29124946
MidAmerica Nazarene,followMNU,28948807
WVU Parkersburg,WVUParkersburg,28794606
Appalachian State,appstate,28634763
JolietJuniorCollege,JolietJrCollege,28629095
FIDM San Diego,FIDMSanDiego,28625910
Toccoa Falls College,ToccoaFalls,28625900
CSM Headline News,CSMHeadlines,28621011
SAGU,sagu,28601739
SMU,SMU,28565276
Warren Wilson,WWCasheville,28546637
Clark University,ClarkUniversity,28538089
CIIS,CIIS_SF,28439917
PacificUnionCollege,PUCNow,28438385
New York University,nyuniversity,28421825
TCNJ,TCNJ,28409399
NIU,NIUlive,28390663
Wis Tech Colleges,WisTechColleges,28359028
Albany Tech,AlbanyTech,28348505
Queens Univ of CLT,QueensUniv,28326480
Shoreline CC,shorelinecc,28278042
UB News Source,UBNewsSource,28255148
Northeastern State,NSURiverHawks,28182782
Pittsburgh Seminary,pghseminary,28181440
PCC,PortlandCC,28179833
Frederick CC,FrederickCC,28173324
Univ. of Puget Sound,univpugetsound,28161743
University of South Carolina,UofSC,28161251
CO School of Mines,coschoolofmines,28147271
Delaware Tech,delawaretech,28144486
Spelman College,SpelmanCollege,28140707
Tulane University,TulaneNews,28120277
GW University,GWtweets,28101965
SJRState Chapter,AFC,AFC_SJRState,27932597
Sinclair College,SinclairCC,27928544
Southwestern OR CC,swocc,27925986
Donnelly College,DonnellyCollege,27920967
UW Tacoma,uwtacoma,27892153
MCAD,MCAD,27887630
Texas Lutheran Univ,txlutheran,27879709
St. Cloud State,stcloudstate,27879601
Bowie State Uni.,BowieState,27767737
Huntingdon College,HuntingdonColl,27723488
MATC (Milwaukee),DiscoverMATC,27708702
Coe College,CoeCollege,27708464
Macalester College,Macalester,27706377
Highland (HCC),highlandcc,27678755
College of Saint Mary,CSM_Omaha,27664734
CWI,cwidaho,27659873
GreenvilleUniversity,GreenvilleUniv,27659376
WHOI Media Relations,WHOImedia,27642087
Ramapo College,RamapoCollegeNJ,27263740
Howard University,HowardU,27147528
U. of Washington,UW,27103822
Colorado State Univ,ColoradoStateU,27098495
SE Missouri State,SEMissouriState,27080935
Strayer University,StrayerU,27076996
U.S. Army CGSC,USACGSC,27069873
Caldwell University,CaldwellUniv,27051573
Seminole State,SeminoleState,26929496
D'Youville College,DYouville,26847276
Creighton University,Creighton,26831769
SIUC,SIUC,26816465
Parkland College,parklandcollege,26809199
WKU News,wkunews,26774168
Wesleyan University,wesleyan_u,26759755
Mass Maritime,MMAAdmissions,26747225
Shepherd University,ShepherdU,26740273
Rockford University,RockfordUniv,26603866
Wagner College,WagnerCollege,26598667
SouthwesternAU,SouthwesternAU,26588188
Central Methodist U,cmuniv,26565703
CSN,CSNCoyote,26553646
Georgia State U.,GeorgiaStateU,26524127
Northwood University,NorthwoodU,26522857
Life University,LifeUniversity,26506551
JohnBrownUniversity,JohnBrownUniv,26320849
UW Bothell,UWBothell,26302517
Merrimack College,merrimack,26282561
North Lake College,northlakenow,26279233
Erikson Institute,EriksonInst,26273748
Sacramento State,sacstate,26267463
Elmhurst College,ElmhurstCollege,26259889
Point Park U,PointParkU,26258434
U of MN Morris,UMMorris,26257197
Daytona State,DSC_News,26247759
MercyhurstUniversity,MercyhurstU,26230349
HACC,HACC_info,26083244
Mott College,MottCollege,26034828
Menlo College,menlocollege,26026982
UAH,UAHuntsville,26014305
Newman University,NewmanU,26003051
WWCC,WWCCWarriors,25784895
MesaCommunityCollege,mesacc,25754721
Catawba College,CatawbaCollege,25728664
Univ. of Nevada Reno,unevadareno,25580902
AllanHancockCollege,HancockCollege,25579522
DSLCC,DSLCC,25579173
CarlSandburgCollege,sandburg,25571186
Augusta University,AUG_University,25556278
Meredith College,MeredithCollege,25552351
WilliamJamesCollege,WilliamJamesEdu,25515486
NVC,govista,25451747
USC Web,uscweb,25383230
Old Dominion University,ODU,25383148
Illinois College,ictrueblue,25372587
MSU Moorhead,MSUMoorhead,25355513
Mississippi Valley,MVSUDEVILS,25345773
Delta State,DeltaState,25322617
Wisconsin Lutheran,InsideWLC,25311055
Saint Augustine's,SAU_News,25296779
SUNY Delhi,SUNYDelhi,25296129
UA - Pulaski Tech,pulaskitech,25232739
CSU-Pueblo,CSUPueblo,25160311
Goucher College,gouchercollege,25119699
Univ. of Oklahoma,UofOklahoma,25116168
Fisher College,FisherCollege,25099179
Tennessee Tech,tennesseetech,25056698
Cal Maritime,Cal_Maritime,25034792
Plymouth State,PlymouthState,25019277
EKU,EKUStories,24989413
Fresno City College,fresnocity,24953483
WNMU,WNMU,24946792
Penn State York,PennStateYork,24943230
Penn,Penn,24894213
Penn State Berks,PennStateBerks,24894129
Ohio Christian U,OhioChristian,24887950
Waynesburg University,WaynesburgU,24818992
OCCRL,occrl,24818242
Colorado College,ColoradoCollege,24771194
Brewton-Parker,BrewtonParker,24769510
Peirce College,PeirceCollege,24755837
Hebrew College,hebrewcollege,24701768
Lehigh CarbonCC,LehighCarbonCC,24694089
Hamline University,HamlineU,24691619
Cabarrus College,CabarrusCollege,24427909
AFI,AmericanFilm,24254832
OSU-Oklahoma City,OSUOKC,24238445
LIM College,LIMCollege,24229452
Otterbein University,Otterbein,24208601
UT Southwestern News,UTSWNews,24183598
Moravian College,MoravianCollege,24168764
Olin College,OlinCollege,24135332
Bard College,BardCollege,24048295
New England Tech,NEInstituteTech,24016355
UIC News,UICnews,24011759
Westminster Seminary,WestminsterTS,23995476
NCC,NorthamptonComm,23954200
Kutztown University,KutztownU,23835018
Holy Cross College,HolyCrossND,23827850
Jefferson State,jeffstate,23813358
OCC,OnondagaCC,23799457
BinghamtonUniversity,binghamtonu,23790666
CNM,CNMonline,23789694
St. John's University,StJohnsU,23787909
Bridgewater State,BridgeStateU,23781239
BarnesJewishCollege,GoldfarbNursing,23772743
Rosemont College,RosemontCollege,23689092
Hawaii Pacific Univ.,HPU,23681494
Bentley University,bentleyu,23678902
Luther Seminary,LutherSeminary,23641701
Bevill State,bevillstate,23638130
UniversityofRedlands,UofRedlands,23635476
Steve Rottinghaus,Rhaus90,23634944
University of Maryland, Baltimore,UMBaltimore,23633216
Gordon College,gordoncollege,23632496
Arkansas Tech,ArkansasTech,23623643
Mizzou,Mizzou,23620660
Goodwin College,GoodwinCollege,23607971
Hillsdale College,Hillsdale,23562007
Greensboro College,GCPride,23539320
HWS Colleges,HWSColleges,23505547
Andover Newton,AndoverNewton,23486767
IVC,IVCCollege,23481445
MitchellCollege,MitchellCollege,23461443
Duke University,DukeU,23450421
Wilkes University,WilkesU,23446723
STCC,S_T_C_C,23438993
St. Vincent College,MySaintVincent,23357440
Indiana Tech,IndianaTech,23152791
Brooks Institute,BrooksInstitute,23144436
Rochester College,rcwarriors,23124644
FRCC,frcc,23088018
Transylvania U.,Transy,23084932
Paul Smith's College,paulsmiths,23076290
CCSU (Central),CCSU,23073586
Maxwell AFB,MaxwellAFB,23022515
Cal Poly Pomona,calpolypomona,23019297
Westfield State,WestfieldState,23014233
Citrus College,CitrusCollege,23004907
Cogswell College,CogswellCollege,22984533
CCCC,cankdeskacikana,22983028
University of Southern Maine,USouthernMaine,22976992
Ferris State Univ.,FerrisState,22975453
Aurora University,AuroraU,22959241
Olympic College,OlympicCollege,22953981
ShenandoahU,ShenandoahU,22936597
Monmouth College,Monmouth,22931622
Santiago Canyon Coll,SantiagoCanyon,22855173
Santa Ana College,SantaAnaCollege,22851359
Blackburn College,bbcollege,22845181
UWF,UWF,22806248
LSU Health Sciences,LSUHealthNO,22788221
Montevallo,Montevallo,22718490
SF State,SFSU,22694478
OLLU,OLLUnivSATX,22673733
Unity College,UnityCollege,22671375
The University of Toledo,UToledo,22655658
Portland State,Portland_State,22589282
Carroll College,CarrollCollege,22585714
Saint Xavier,SaintXavier,22581041
Hazelden Betty Ford,hazldnbettyford,22564654
DallasCollegesOnline,DCCCD_Online,22549404
The University of Houston-Victoria,UHVictoria,22546002
RAND Corporation,RANDCorporation,22545453
MiraCosta College,MiraCosta,22537518
Shorter University,shorteruniv,22521601
ArtCenter College,artcenteredu,22512085
Wallace State,wallacestate,22509859
NAU,NAU,22424037
UNT News,UNTnews,22393714
NEIU,NEIU,22294699
Bellevue College,BellevueCollege,22168705
Univ. of Colorado,CUSystem,22158430
Hampshire College,hampshirecolg,22154112
WSU Pullman,WSUPullman,22080148
Oklahoma City Univ.,OKCU,22077567
Bethel College,BethelCollegeIN,22062516
Midway University,MidwayUniv,22060300
SCAD,SCADdotedu,22058057
Metropolitan College,mcnyedu,22054880
NorthCentralCollege,northcentralcol,22027264
SUNY Polytechnic Institute,SUNYPolyInst,22017005
FSCJ,FSCJ_Official,22009749
Univ Sagrado Corazón,sagradoedu,22004378
Schoolcraft College,schoolcraftnow,21958900
Mercy College,mercycollege,21915917
City College of NY,CityCollegeNY,21900832
Argosy University,ArgosyU,21887013
Palm Beach Atlantic,PBAUniversity,21870520
Boise State,boisestatelive,21799851
Gordon-Conwell,GordonConwell,21763691
Thiel College,thielcollege,21757821
UM System,umsystem,21705478
Trinity Int'l Univ.,TIU,21694428
BerkeleyCityCollege,berkeleycc,21685254
Excelsior College,ExcelsiorColl,21676886
Whatcom Comm College,WhatcomCC,21674382
Rowan University,RowanUniversity,21661387
Muhlenberg College,Muhlenberg,21652442
Northwestern OK St U,NWOSU,21602227
Centre College,CentreC,21584554
Simpson University,SimpsonU,21523568
Bank Street College,bankstreetedu,21478989
Westmont College,WestmontNews,21430456
Wake Tech CC,waketechcc,21430175
Rutgers–Camden,Rutgers_Camden,21427812
Mount Mercy,MountMercy,21426839
Murray State Univ,murraystateuniv,21405148
Roseman University,rosemanuhs,21360116
Maryville University,MaryvilleU,21316409
Cleary University,ClearyUniverse,21302199
Dartmouth,dartmouth,21226678
Saint Mary's College,stmarysca,21222879
Marian University,MarianUniv,21222739
University of Minnesota Crookston,UMNCrookston,21206990
Dominican College,DominicanOburg,21204604
UNG,UNG_News,21196797
LSU Shreveport,LSU_Shreveport,21116685
Westminster College,WestminsterSLC,21107303
BVU,BuenaVistaUniv,21107038
WestConn,WestConn,21105588
Columbus State Univ.,ColumbusState,21098575
Baker College,bakercollege,21029627
East Central College,ECC_Falcon,21005915
SW Seminary,swbts,21004161
UC Hastings Law ⚖️,UCHastingsLaw,20939407
Union College,UnionCollegeKY,20932925
Endicott College,EndicottCollege,20926783
Washington and Lee,wlunews,20787409
Arkansas State,ArkansasState,20782546
Meharry Med College,MeharryMedical,20779844
Clarkson University,ClarksonUniv,20770215
Walsh University,WalshUniversity,20691813
Keck Graduate Inst,KeckGrad,20689474
SUNY Geneseo,SUNYGeneseo,20686569
UNC-Chapel Hill,UNC,20683724
Hult Business School,Hult_Biz,20666174
Bethel University,BethelU,20654271
Viterbo University,Viterbo_Univ,20623175
Becker College,BeckerCollege,20614198
Western University,WesternU,20601500
Canisius College,CanisiusCollege,20600913
Concordia U Chicago,CUChicago,20596793
Ivy Tech,IvyTechCC,20565591
Whittier College,WhittierCollege,20538721
UH-Clear Lake,UHClearLake,20529230
Paris Junior College,ParisJC,20528196
Nova Southeastern U.,NovaSE,20524416
Am Academy of Art,AmAcademyofArt,20502963
Concordia University,ConcordiaIrvine,20468573
NWTC,NWTC,20460380
AJU College,AJUCollege,20454203
UC Riverside,UCRiverside,20448698
Kettering University,KetteringU,20445068
The Peralta Colleges,PeraltaColleges,20353068
Prescott College,Prescottcollege,20268330
Hagerstown CC,hagerstowncc,20266896
Walsh College,walshcollege,20264438
UofHartford,UofHartford,20258472
WestCoastUniversity,westcoastu,20230593
SAIC,saic_news,20207592
OSU-Tulsa,osutulsa,20194443
John Marshall Law,JMLSChicago,20190497
MTSU,MTSUNews,20189535
UNCW,UNCWilmington,20187750
University Relations,NDSUNews,20167340
University of DC,udc_edu,20115751
Rollins College,rollinscollege,20106271
CUNY Staten Island,csinews,20103057
Sinclair360,Sinclair360,20099883
Spertus Institute,Spertus,20094659
Mississippi College,MissCollege,20084674
SUNY Cobleskill,SUNYCobleskill,20082874
Florida Atlantic,FloridaAtlantic,19988714
University at Albany,ualbany,19980619
FORT VALLEY STATE,FVSU,19934409
Principia College,PrinCollege,19927417
IU Northwest (IUN),iunorthwest,19923361
Capella University,CapellaU,19922801
WCCS,wccselma,19921070
UCM,UCentralMO,19907542
UMass Amherst,UMassAmherst,19874736
USC,USC,19809471
Harvey Mudd College,harveymudd,19782237
UT Knoxville,UTKnoxville,19773627
Fordham University,FordhamNYC,19730865
Howard Comm. College,HowardCC,19727388
Saint Mary's College,saintmarys,19721784
Rice University,RiceUniversity,19720630
Bakersfield College,BAKcollege,19688416
OHSU News,OHSUNews,19688275
Harper College News,HarperCollegePR,19681639
Radford University,radfordu,19677871
U. Northern Colorado,UNC_Colorado,19675017
CGU,CGUnews,19669549
UC Irvine,UCIrvine,19669207
OaktonCollege,OaktonCollege,19617399
Lone Star College,lonestarcollege,19616247
SCO,SCOnews,19615580
St. Francis College,SFCNY,19614142
K-State Polytechnic,KStatePolytech,19612866
Emmanuel College,EmmanuelCollege,19608551
USU Health Sciences,USUhealthsci,19603179
Minnesota State,MinnStateEdu,19600217
Troy University,TROYUnews,19595764
Holy Cross,holy_cross,19559951
Luther College,luthercollege,19549917
Brandeis University,BrandeisU,19546529
WilliamJewellCollege,williamjewell,19499846
WGUTexas,WGUTexas,19499231
PPCC,ppccedu,19470405
Wheeling Jesuit,WheelingJesuit,19406472
MCC,MorganCC,19396751
Westminster College,westminsterpa,19395457
Phoenix College,PhoenixCollege,19359212
Metropolitan State U,MetroStateU,19350449
Butler CC,butlercc,19346713
Albion College,albioncollege,19346558
University of Dayton,univofdayton,19321518
Macomb College,MacombCollege,19306182
UM-Flint,UMFlint,19300704
UAT,UATedu,19294154
Rutgers University,RutgersU,19272796
Waubonsee Comm. Col.,waubonsee,19260151
SWOSU,swosu,19255429
Univ of Scranton,univofscranton,19248024
Bethany GU,BeGlobalU,19236462
ECSU Viking,ECSU,19235494
Mary Baldwin U,MaryBaldwinU,19188674
Sarah Lawrence,SarahLawrence,19154122
FHSU Univ Relations,FHSUnews,19087460
Southern Nazarene,FollowSNU,19080662
Georgia Tech,GeorgiaTech,19080617
Germanna CC,germannacc,19078113
Centenary College,CentenaryLA,19077655
South Texas College,STCPR,19041110
Midland College,MidlandCollege,19038247
ACC District,accdistrict,19037373
UCF,UCF,18999501
SNHU,SNHU,18989384
Fitchburg State,Fitchburg_State,18987398
Dowling College,dowlingcollege,18966365
Pomona College,pomonacollege,18958185
Birmingham-Southern,FromTheHilltop,18953121
CBC,CBCollege,18952931
San Jose State,SJSU,18948365
St. Mary's University,StMarysU,18941075
The CIA,CIACulinary,18939092
UCLA,UCLA,18918483
University of Minnesota,UMNews,18917572
Blue Ridge CC,BlueRidgeCC,18909082
LakeAreaTech,LakeAreaTech,18902057
Spartanburg Community College,SCCyourCollege,18883747
University of Rio Grande and Rio Grande CC,RioEdu,18848444
Ohio State,OhioState,18846918
St. Olaf College,StOlaf,18817325
South Puget Sound CC,SPSCC,18808588
Hanover College,HanoverCollege,18791333
AZ State University,ASU,18783501
Adrian College,AdrianCollege,18778215
IU East,iueast,18777914
MontgomeryCountyCC,mccc,18770558
Baruch College,BaruchCollege,18765257
USciences,USciences,18737307
Augsburg University,AugsburgU,18728128
College Lake County,CLCNewsRoom,18724973
The Univ. of Alabama,UofAlabama,18685948
UMKC,UMKansasCity,18680323
Hope College,HopeCollege,18641417
ulmwarhawk,ulmwarhawk,18638693
Adams State,adamsstate,18636001
Naval War College,NavalWarCollege,18633493
Cal State Monterey Bay,CSUMB,18624536
Kirkwood,KirkwoodCC,18571969
Amherst College,AmherstCollege,18506515
Indiana University Bloomington,IUBloomington,18458348
VCC,myVCC,18346497
North Idaho College,NorthIdaho,18320958
SFSCPanthers,SFSCPanthers,18307310
UW-Stout,UWStout,18297817
NYU Tandon,nyutandon,18290951
Sac City College,SacCityCollege,18256302
William Jessup Univ.,williamjessup,18248622
NKU,nkuedu,18235844
Roger Williams Univ,myrwu,18221712
baystatecollege,baystatecollege,18194887
Kentucky Wesleyan,KyWesleyan,18192753
LSC-North Harris,LSCNorthHarris,18190486
Oregon State University,OregonState,18178876
DallasLearnSolutions,DallasLSolution,18173414
Stevenson University,StevensonU,18167298
Univ. of Illinois,Illinois_Alma,18165866
Penn State Altoona,PSAltoona,18165304
UCWV,UCWV,18162611
Thunderbird,Thunderbird,18150162
Berry College,berrycollege,18143537
UC Santa Barbara,ucsantabarbara,18105473
U.S. Naval Academy,NavalAcademy,18090660
NorthlandCTC,NorthlandCTC,18085328
DesMoinesUniversity,DesMoinesUniv,18079850
Tarleton State University,tarletonstate,18079569
Pace University,PaceUniversity,18058364
Stetson University,StetsonU,18050631
Harper College,HarperCollege,18047378
Loyola Chicago,LoyolaChicago,18036912
Stanford University,Stanford,18036441
WSU Vancouver,WSUVancouver,18030695
MSOE,MSOE,18024812
Springfield College,SpfldCollege,18002135
The New School,TheNewSchool,17995712
Sam Houston State,SamHoustonState,17993899
WashtenawCommCollege,washtenawcc,17993809
Tusculum,TusculumCollege,17991947
Southeastern LA Univ,oursoutheastern,17972687
North Park Univ.,NPU,17969498
WVU Mountaineers,WestVirginiaU,17962391
Emerson College,EmersonCollege,17955507
UT Arlington,utarlington,17908147
Leeward CC,LeewardCC,17907832
Pittsburg State,pittstate,17907371
Combined Arms Center,usacac,17901032
Indian Hills College,indianhills,17900414
PhilaU,PhiladelphiaU,17900369
Salve Regina,SalveRegina,17900086
Seattle Central,SeattleCentral,17885944
UT Brownsville,UTBrownsville,17878859
University of Hawaii,UHawaiiNews,17851248
Bellarmine University,bellarmineU,17844897
Shimer Great Books School,ShimerSchool,17843668
Cal State LA,CalStateLA,17840988
Washington University in St. Louis,WUSTL,17815224
ERAU Prescott,ERAUPrescott,17790134
Northwestern College,nwciowa,17779448
Grace College,gracecollege,17680704
Notre Dame of MD,NotreDameofMD,17661546
Grinnell College,GrinnellCollege,17652635
Utah State University,USUAggies,17631378
URI,universityofri,17624344
Saint Meinrad,SaintMeinrad,17621217
watkinscollege,watkinscollege,17597355
Mayville State,mayvillestate,17595580
University of Central Arkansas,ucabears,17534813
Regent University,RegentU,17524814
Orange Coast College,orangecoast,17488075
UnionUniversity,UnionUniversity,17472732
Nazareth College,NazarethCollege,17470110
FontbonneU,FontbonneU,17469614
Oakland University,oaklandu,17468189
UA Little Rock,UALR,17466348
Indiana State U,indianastate,17447563
Hennepin Tech,HennepinTech,17441545
Chapman University,ChapmanU,17433026
ERAU Worldwide,ERAUWorldwide,17428267
S. Arkansas Univ.,muleriders,17418608
Virginia Tech,virginia_tech,17416707
Whitworth University,whitworth,17396360
UW Oshkosh,uwoshkosh,17388478
University of Idaho,uidaho,17388410
Cornell College,CornellCollege,17388050
Cornell University,Cornell,17369110
Univ. of New Mexico,UNM,17358507
Fairfield University,FairfieldU,17357118
University of Denver,UofDenver,17349956
STLCOP,STLCOPedu,17347432
Walden University,WaldenU,17346423
LindseyWilson,LindseyWilson,17332561
Phillips Graduate,phillipsgrad,17330475
Anderson University,AndersonU,17309685
StL. Comm. College,STLCC,17296412
Lasell College,lasellcollege,17294913
RPInews,RPInews,17293532
UAMS,uamshealth,17288788
Berea College,bereacollege,17240179
Stonehill College,stonehill_info,17238827
Texas A&M University,TAMU,17237540
Cypress College,CypressCollege,17227313
Bradley University,bradleyu,17225361
UM-Dearborn,UM_Dearborn,17214825
Nicholls State Univ.,NichollsState,17213774
atlanticcape,atlanticcape,17194823
UMass Boston,UMassBoston,17194573
FlaglerCollege,FlaglerCollege,17131173
WSUSpokane,WSUSpokane,17108702
University of Tulsa,utulsa,17091564
WNE University,WNEUniversity,17089209
Kingsborough CC,KCCBrooklyn,17087744
Trinity University,Trinity_U,17087295
sunyoswego,sunyoswego,17076756
OtisCollege,OtisCollege,17073520
Chico State,ChicoState,17068492
Marist College,Marist,17065446
CSULB,CSULB,17053587
Mount Holyoke College,mtholyoke,17049666
McNeese,McNeese,17048340
Smith College Tweets,smithcollege,17025399
Seneca College,SenecaCollege,17005390
Tougaloo College,TougalooCollege,17000525
Rutgers-Newark,Rutgers_Newark,16998743
UH West O‘ahu,UHWestOahu,16960313
Illinois Tech,illinoistech,16932547
Saint Leo University,SaintLeoUniv,16931656
#EIU,eiu,16891890
Illinois Springfield,UISedu,16889018
Thomas College,ThomasCollege,16887509
Biola University,biolau,16877279
UA Anchorage,uaanchorage,16831529
Friends University,FriendsU,16827651
NOVA,NOVAcommcollege,16825086
Siena College,SienaCollege,16825083
UNO,UNOmaha,16809032
Stephens College,stephenscollege,16795151
UniversityofPhoenix,UOPX,16742420
San Diego State University,SDSU,16739786
UTHealth,UTHealth,16728666
Ohio University,ohiou,16712361
WPI,WPI,16687357
Drury University,DruryUniversity,16683428
NW Missouri State,NWMOSTATE,16670445
Daemen College,daemencollege,16666204
Webster University,websteru,16635405
Alfred University,alfredu,16585404
Boston College,BostonCollege,16582975
U. of North Alabama,north_alabama,16582790
Suffolk University,Suffolk_U,16563472
Wake Tech Students,wtccstudents,16560584
Caltech,Caltech,16536844
Davenport University,DavenportU,16528872
Asbury Seminary,AsburySeminary,16522333
Wheaton College (MA),wheaton,16515067
Fox Valley Tech,FoxValleyTech,16514591
cerritoscollege,cerritoscollege,16489846
United Seminary,unitedseminary,16473655
The Sage Colleges,sage_edu,16472647
N.C. Central Univ.,NCCU,16451492
New Mexico State,nmsu,16443535
Emory University,EmoryUniversity,16438655
UGA,universityofga,16435792
Ozarka College,ozarkacollege,16393816
GRCC,grcc,16365611
Valparaiso University,ValpoU,16362895
Western Carolina,WCU,16349298
Berkeley College,BerkeleyCollege,16333902
ManchesterCC,ManchesterCC,16332340
UAB,UABNews,16327689
Williams College,WilliamsCollege,16311710
Dunwoody College,dunwoodycollege,16230224
Elgin Comm College,ElginCommColl,16220967
Jacksonville State University,JSUNews,16211809
Amarillo College,AmarilloCollege,16210988
Edmonds Comm_College,EdmondsCC,16210328
MUSC Health,MUSChealth,16192206
Lewis-Clark State,LCSC,16192146
piercecollege,piercecollege,16187416
IPFW,IPFW,16185074
Saint Mary's University of Minnesota,smumn,16180915
Robert Morris Univ.,RMU,16158150
University of Nebraska Medical Center,unmc,16151917
Simmons College,SimmonsCollege,16143362
Purdue University,LifeAtPurdue,16134525
Ithaca College,IthacaCollege,16132544
Univ. of Maryland,UofMaryland,16129880
UniversityoftheArts,UArts,16121791
KCC,KCCedu,16106516
FIDM,FIDM,16098809
University Tx Tyler,UTTyler,16078110
Millsaps College,millsapscollege,16043016
sacredheartuniv,sacredheartuniv,16032397
SD School of Mines,sdsmt,16027051
UNH Law,UNHLaw,16015091
A&M-Central Texas,TAMUCT,16012638
Oklahoma State Univ.,okstate,16011832
Iliff Edu-Denver,iliffontheroad,16001236
UC Davis,ucdavis,15987188
The CSU,calstate,15967775
UMass Dartmouth,UMassD,15963073
CU Denver,CUDenver,15957612
Bates College,BatesCollege,15946645
Western IL Univ,WesternILUniv,15946440
Morehead State,moreheadstate,15946400
Colby College,ColbyCollege,15937898
Winthrop University,winthropu,15909406
Monmouth University,monmouthu,15862680
Cerro Coso CC,cerrocoso,15860450
Randolph College,randolphcollege,15859060
Fresno Pacific Univ.,fpu,15856009
Elon University,elonuniversity,15855913
Grand Canyon U,gcu,15853191
Wheaton College,WheatonCollege,15836922
UW-Whitewater,UWWhitewater,15835554
Missouri State,MissouriState,15824098
Brookhaven College,brookhaven,15812944
RIT NEWS,RITNEWS,15808604
SUNY Potsdam,sunypotsdam1816,15779289
UW-Madison,UWMadison,15763818
MCPHS News,MCPHS,15754264
PurchaseCollege SUNY,SUNY_Purchase,15726052
UW-Milwaukee,UWM,15680246
U of Science Arts OK,usaodrovers,15646688
UT Austin,UTAustin,15637375
University of Richmond,urichmond,15635684
Southern Seminary,SBTS,15633677
St. Scholastica,StScholastica,15633299
Georgetown College,GtownCollege,15602603
Towson University,TowsonU,15599873
msubillings,msubillings,15599825
GeorgiaSouthern,GeorgiaSouthern,15598639
Concordia University,cuaa,15586478
University of Miami,univmiami,15585350
Concordia College,Concordia_MN,15535821
Broward College,BrowardCollege,15524229
GuilfordCollege,GuilfordCollege,15519352
Grand Valley State,GVSU,15481233
Ranken Technical College,ranken,15471018
UW-Platteville,uwplatteville,15467422
Ringling College,RinglingCollege,15464253
UCCS,UCCS,15461608
Massachusetts Institute of Technology (MIT),MIT,15460048
WittenbergUniversity,wittenberg,15459816
UC San Francisco,UCSF,15458277
Loras College,lorascollege,15457138
SVSU,SVSU,15450280
Sherman College,shermancollege,15445427
TMCC,tmccnevada,15387329
Normandale College,normandale_cc,15381144
TCU,TCU,15371292
University of Akron,uakron,15360135
Kalamazoo College,kcollege,15352893
CSU Dominguez Hills,DominguezHills,15344948
Western Governors U.,wgu,15291876
Bucks County College,Bucks_edu,15290926
Multnomah University,multnomahu,15290634
Berklee College of Music,BerkleeCollege,15279886
Cayuga Comm College,CayugaCC,15250723
Yeshiva University,YUNews,15245617
Penn College,PennCollege,15240813
Cal State Fullerton,csuf,15225105
Tufts University,TuftsUniversity,15168790
Michigan Tech,michigantech,15135543
Wayne State College,waynestcollege,15111096
tacomacc,tacomacc,15110194
Ole Miss,OleMissRebels,15103223
Trine University,TrineUniversity,15063810
Ohio Northern Univ.,ohionorthern,15033819
Pine Tech & Comm Col,pinecollege,15032297
University of the Pacific,UOPacific,15006628
Humboldt State,humboldtstate,14988682
WTAMU,wtamu,14954544
Valdosta State,valdostastate,14954336
WWU,WWU,14926825
Lenoir-Rhyne Univ.,lenoirrhyne,14884223
Concordia Nebraska,CUNE,14880814
Le Moyne,LeMoyne,14870878
BristolCC,BristolCC,14869091
Univ. of Arizona 🐻⬇,UofA,14862639
UMass Lowell,UMassLowell,14861663
SIUE,SIUE,14861641
Stephen F. Austin,SFASU,14858317
UC Merced,ucmerced,14858160
St. Norbert College,stnorbert,14857985
Southern Adventist U,SouthernNews,14857981
Central College,CentralCollege,14845243
Medaille College,MedailleCollege,14836167
Univ. of the Ozarks,UOzarks,14812561
SUNY New Paltz,newpaltz,14801256
Univ. of Rochester,UofR,14778782
VanderbiltU,VanderbiltU,14775752
USC Upstate,USCUpstate,14758854
CFCC,cfcc,14758595
ULM,ULM_Official,14749494
University of Utah,UUtah,14748679
Providence College,providencecol,14701062
Colorado Christian University,my_ccu,14675358
UCO Bronchos,UCOBronchos,14673954
Lincoln College,Lincolncollege,14660086
Saint Michael's,saintmichaels,14629460
CSU Channel Islands,csuci,14620119
Mayo Clinic,MayoClinic,14592723
SUNY Empire,SUNYEmpire,14569300
University of Iowa,uiowa,14534931
Wofford College,woffordcollege,14477790
Ohio Dominican,ohiodominican,14476092
Pitzer College,pitzercollege,14463655
Penn State Abington,PSUabington,14452001
Johns Hopkins U.,JohnsHopkins,14441010
Dallas Community Colleges 🎓,dcccd,14430570
Colgate University,colgateuniv,14420319
Swarthmore College,swarthmore,14414574
Bowdoin College,BowdoinCollege,14385531
Rogers State U.,RogersStateU,14363476
UTHSC,uthsc,14277692
Charter Oak State,CharterOak,14246573
Oklahoma Christian U,okchristian,14235712
Roanoke College,RoanokeCollege,14225263
Franklin College,FranklinCollege,14209737
Goshen College,GoshenCollege,14199846
NJIT,NJIT,14184037
Pepperdine University,pepperdine,14160987
Texas Tech,TexasTech,14125882
Auburn University,AuburnU,14114564
USC Aiken,USCAiken,14072605
MD Anderson Cancer Center,MDAndersonNews,14062554
UW-Green Bay,uwgb,14049235
Aquinas College,AquinasCollege,14006802
SUNY Buffalo State,buffalostate,14002702
Oklahoma Wesleyan University,OKWUniv,13472682
PNCA,pnca,13416012
Mississippi State,msstate,13399402
Inter Ponce,InterPonce,12914382
Babson College,babson,12127162
The Art Institutes,Art_Institutes,11838222
Butler University,butleru,11442512
Cal State Northridge,csunorthridge,11306582
Adventist University,ADUnews,10850532
UC Santa Cruz,ucsc,10772102
Concordia University,concordiastpaul,10746802
Sterling College,sterlingcollege,10495952
Pacific University,pacificu,10293832
Drake University,DrakeUniversity,10282842
Missouri S&T,MissouriSandT,10135072
IUPUI,IUPUI,10086382
UT Pan American,UTPA,9675872
Bellevue University,BellevueU,9623092
PalmerCollege,palmercollege,9459362
Richland College 🎓,richlandcollege,9117182
Wayne State Univ,waynestate,8994242
Gustavus Adolphus College,gustavus,7858362
Loyola Marymount University,LoyolaMarymount,7858252
Georgetown Univ.,Georgetown,7856542
GoldenGateUniversity,GGU,6677802
Rasmussen College,Rasmussen,6672142
Notre Dame,NotreDame,6507762
Saint Anselm College,SaintAnselm,5972532
Seton Hall,SetonHall,5794972
Yale University,Yale,5695032
Princeton University,Princeton,5694822
Seattle University,seattleu,5255121
Eckerd College,eckerdcollege,5182301
Hofstra University,HofstraU,5141841
Keene State College,KeeneState_,4993511
Calvin College,CalvinCollege,1930911
UVA,UVA,1910771
NYIT,nyit,1331091
